TFSC,1347 Capital Corp.
TFSCR,1347 Capital Corp.
TFSCU,1347 Capital Corp.
TFSCW,1347 Capital Corp.
PIH,"1347 Property Insurance Holdings, Inc."
FLWS,"1-800 FLOWERS.COM, Inc."
FCTY,"1st Century Bancshares, Inc"
FCCY,1st Constitution Bancorp (NJ)
SRCE,1st Source Corporation
VNET,"21Vianet Group, Inc."
TWOU,"2U, Inc."
DGLD,3X Inverse Gold ETN Velocityshares
DSLV,3X Inverse Silver ETN Velocityshares
UGLD,3X Long Gold ETN Velocityshares
USLV,3X Long Silver ETN Velocityshares
JOBS,"51job, Inc."
SIXD,"6D Global Technologies, Inc."
CAFD,8point3 Energy Partners LP
EGHT,8x8 Inc
AVHI,"A V Homes, Inc."
SHLM,"A. Schulman, Inc."
AAON,"AAON, Inc."
ABAX,"ABAXIS, Inc."
ABY,Abengoa Yield plc
ABGB,"Abengoa, S.A."
ABEO,Abeona Therapeutics Inc.
ABEOW,Abeona Therapeutics Inc.
ABMD,"ABIOMED, Inc."
AXAS,Abraxas Petroleum Corporation
ACTG,Acacia Research Corporation
ACHC,"Acadia Healthcare Company, Inc."
ACAD,ACADIA Pharmaceuticals Inc.
ACST,"Acasti Pharma, Inc."
AXDX,"Accelerate Diagnostics, Inc."
XLRN,Acceleron Pharma Inc.
ANCX,Access National Corporation
ARAY,Accuray Incorporated
VXDN,AccuShares Spot CBOE VIX Down Shares
VXUP,AccuShares Spot CBOE VIX Up Shares
ACRX,"AcelRx Pharmaceuticals, Inc."
ACET,Aceto Corporation
AKAO,"Achaogen, Inc."
ACHN,"Achillion Pharmaceuticals, Inc."
ACIW,"ACI Worldwide, Inc."
ACNB,ACNB Corporation
ACOR,"Acorda Therapeutics, Inc."
ACTS,"Actions Semiconductor Co., Ltd."
ACPW,"Active Power, Inc."
ATVI,"Activision Blizzard, Inc"
ACTA,Actua Corporation
ACUR,"Acura Pharmaceuticals, Inc."
ACXM,Acxiom Corporation
ADMS,"Adamas Pharmaceuticals, Inc."
ADMP,Adamis Pharmaceuticals Corporation
ADAP,Adaptimmune Therapeutics plc
ADUS,Addus HomeCare Corporation
AEY,"ADDvantage Technologies Group, Inc."
ADEP,"Adept Technology, Inc."
ADMA,ADMA Biologics Inc
ADBE,Adobe Systems Incorporated
ADTN,"ADTRAN, Inc."
ADRO,"Aduro Biotech, Inc."
AEIS,"Advanced Energy Industries, Inc."
AMD,"Advanced Micro Devices, Inc."
ADXS,"Advaxis, Inc."
ADXSW,"Advaxis, Inc."
MULT,AdvisorShares Sunrise Global Multi-Strategy ETF
YPRO,AdvisorShares YieldPro ETF
AEGR,"Aegerion Pharmaceuticals, Inc."
AEGN,Aegion Corp
AEHR,Aehr Test Systems
AMTX,"Aemetis, Inc"
AEPI,AEP Industries Inc.
AERI,"Aerie Pharmaceuticals, Inc."
AVAV,"AeroVironment, Inc."
AEZS,AEterna Zentaris Inc.
AEMD,"Aethlon Medical, Inc."
AFMD,Affimed N.V.
AFFX,"Affymetrix, Inc."
AGEN,Agenus Inc.
AGRX,"Agile Therapeutics, Inc."
AGYS,"Agilysys, Inc."
AGIO,"Agios Pharmaceuticals, Inc."
AGFS,"AgroFresh Solutions, Inc."
AGFSW,"AgroFresh Solutions, Inc."
AIMT,"Aimmune Therapeutics, Inc."
AIRM,Air Methods Corporation
AIRT,"Air T, Inc."
ATSG,"Air Transport Services Group, Inc"
AMCN,AirMedia Group Inc
AIXG,Aixtron SE
AKAM,"Akamai Technologies, Inc."
AKBA,"Akebia Therapeutics, Inc."
AKER,Akers Biosciences Inc
AKRX,"Akorn, Inc."
ALRM,"Alarm.com Holdings, Inc."
ALSK,"Alaska Communications Systems Group, Inc."
AMRI,"Albany Molecular Research, Inc."
ABDC,Alcentra Capital Corp.
ADHD,Alcobra Ltd.
ALDR,"Alder BioPharmaceuticals, Inc."
ALDX,"Aldeyra Therapeutics, Inc."
ALXN,"Alexion Pharmaceuticals, Inc."
ALXA,"Alexza Pharmaceuticals, Inc."
ALCO,"Alico, Inc."
ALGN,"Align Technology, Inc."
ALIM,"Alimera Sciences, Inc."
ALKS,Alkermes plc
ALGT,Allegiant Travel Company
ALLB,"Alliance Bancorp, Inc. of Pennsylvania"
AFOP,"Alliance Fiber Optic Products, Inc."
AIQ,"Alliance HealthCare Services, Inc."
AHGP,"Alliance Holdings GP, L.P."
ARLP,"Alliance Resource Partners, L.P."
AHPI,"Allied Healthcare Products, Inc."
AMOT,"Allied Motion Technologies, Inc."
ALQA,"Alliqua BioMedical, Inc."
ALLT,Allot Communications Ltd.
MDRX,"Allscripts Healthcare Solutions, Inc."
AFAM,Almost Family Inc
ALNY,"Alnylam Pharmaceuticals, Inc."
AOSL,Alpha and Omega Semiconductor Limited
SMCP,AlphaMark Actively Managed Small Cap ETF
ATEC,"Alphatec Holdings, Inc."
ALTR,Altera Corporation
ASPS,Altisource Portfolio Solutions S.A.
AIMC,Altra Industrial Motion Corp.
AMAG,"AMAG Pharmaceuticals, Inc."
AMRN,Amarin Corporation PLC
AMRK,"A-Mark Precious Metals, Inc."
AYA,Amaya Inc.
AMZN,"Amazon.com, Inc."
AMBC,"Ambac Financial Group, Inc."
AMBCW,"Ambac Financial Group, Inc."
AMBA,"Ambarella, Inc."
EPAX,"Ambassadors Group, Inc."
AMCX,AMC Networks Inc.
DOX,Amdocs Limited
AMDA,Amedica Corporation
AMED,Amedisys Inc
UHAL,Amerco
ASBI,Ameriana Bancorp
ATAX,"America First Multifamily Investors, L.P."
AMOV,"America Movil, S.A.B. de C.V."
AAL,"American Airlines Group, Inc."
AGNC,American Capital Agency Corp.
AGNCB,American Capital Agency Corp.
AGNCP,American Capital Agency Corp.
MTGE,American Capital Mortgage Investment Corp.
MTGEP,American Capital Mortgage Investment Corp.
ACSF,"American Capital Senior Floating, Ltd."
ACAS,"American Capital, Ltd."
ANCI,American Caresource Holdings Inc
AETI,"American Electric Technologies, Inc."
AMIC,American Independence Corp.
AMNB,"American National Bankshares, Inc."
ANAT,American National Insurance Company
APEI,"American Public Education, Inc."
ARII,"American Railcar Industries, Inc."
AMRB,American River Bankshares
ASEI,"American Science and Engineering, Inc."
AMSWA,"American Software, Inc."
AMSC,American Superconductor Corporation
AMWD,American Woodmark Corporation
CRMT,"America&#39;s Car-Mart, Inc."
ABCB,Ameris Bancorp
AMSF,"AMERISAFE, Inc."
ASRV,AmeriServ Financial Inc.
ASRVP,AmeriServ Financial Inc.
ATLO,Ames National Corporation
AMGN,Amgen Inc.
FOLD,"Amicus Therapeutics, Inc."
AMKR,"Amkor Technology, Inc."
AMPH,"Amphastar Pharmaceuticals, Inc."
AMSG,Amsurg Corp.
AMSGP,Amsurg Corp.
ASYS,"Amtech Systems, Inc."
AFSI,"AmTrust Financial Services, Inc."
AMRS,"Amyris, Inc."
ANAC,"Anacor Pharmaceuticals, Inc."
ANAD,"ANADIGICS, Inc."
ADI,"Analog Devices, Inc."
ALOG,Analogic Corporation
ANCB,Anchor Bancorp
ABCW,Anchor BanCorp Wisconsin Inc.
AMCF,Andatee China Marine Fuel Services Corporation
ANGI,"Angie&#39;s List, Inc."
ANGO,"AngioDynamics, Inc."
ANIP,"ANI Pharmaceuticals, Inc."
ANIK,Anika Therapeutics Inc.
ANSS,"ANSYS, Inc."
ATRS,"Antares Pharma, Inc."
ANTH,"Anthera Pharmaceuticals, Inc."
ABAC,"Aoxin Tianli Group, Inc."
ATNY,API Technologies Corp.
APIC,Apigee Corporation
APOG,"Apogee Enterprises, Inc."
APOL,"Apollo Education Group, Inc."
AINV,Apollo Investment Corporation
APPF,"AppFolio, Inc."
AAPL,Apple Inc.
ARCI,"Appliance Recycling Centers of America, Inc."
APDN,Applied DNA Sciences Inc
APDNW,Applied DNA Sciences Inc
AGTC,Applied Genetic Technologies Corporation
AMAT,"Applied Materials, Inc."
AMCC,Applied Micro Circuits Corporation
AAOI,"Applied Optoelectronics, Inc."
AREX,Approach Resources Inc.
APRI,"Apricus Biosciences, Inc"
APTO,"Aptose Biosciences, Inc."
AQMS,"Aqua Metals, Inc."
AQXP,"Aquinox Pharmaceuticals, Inc."
AUMA,AR Capital Acquisition Corp.
AUMAU,AR Capital Acquisition Corp.
AUMAW,AR Capital Acquisition Corp.
ARDM,Aradigm Corporation
PETX,"Aratana Therapeutics, Inc."
ABUS,Arbutus Biopharma Corporation
ARCW,"ARC Group Worldwide, Inc."
ABIO,"ARCA biopharma, Inc."
RKDA,"Arcadia Biosciences, Inc."
ARCB,ArcBest Corporation
ACGL,Arch Capital Group Ltd.
ACAT,Arctic Cat Inc.
ARDX,"Ardelyx, Inc."
ARNA,"Arena Pharmaceuticals, Inc."
ARCC,Ares Capital Corporation
AGII,"Argo Group International Holdings, Ltd."
AGIIL,"Argo Group International Holdings, Ltd."
ARGS,"Argos Therapeutics, Inc."
ARIS,"ARI Network Services, Inc."
ARIA,"ARIAD Pharmaceuticals, Inc."
ARKR,Ark Restaurants Corp.
ARMH,ARM Holdings plc
ARTX,Arotech Corporation
ARWA,Arowana Inc.
ARWAR,Arowana Inc.
ARWAU,Arowana Inc.
ARWAW,Arowana Inc.
ARQL,"ArQule, Inc."
ARRY,Array BioPharma Inc.
ARRS,"ARRIS Group, Inc."
DWAT,Arrow DWA Tactical ETF
AROW,Arrow Financial Corporation
ARWR,Arrowhead Research Corporation
ARTNA,Artesian Resources Corporation
ARTW,"Art&#39;s-Way Manufacturing Co., Inc."
ASBB,"ASB Bancorp, Inc."
ASNA,"Ascena Retail Group, Inc."
ASND,Ascendis Pharma A/S
ASCMA,"Ascent Capital Group, Inc."
ASTI,"Ascent Solar Technologies, Inc."
APWC,Asia Pacific Wire & Cable Corporation Limited
ASMI,ASM International N.V.
ASML,ASML Holding N.V.
AZPN,"Aspen Technology, Inc."
ASMB,"Assembly Biosciences, Inc."
ASFI,"Asta Funding, Inc."
ASTE,"Astec Industries, Inc."
ALOT,"Astro-Med, Inc."
ATRO,Astronics Corporation
ASTC,Astrotech Corporation
ASUR,Asure Software Inc
ATAI,ATA Inc.
ATRA,"Atara Biotherapeutics, Inc."
ATHN,"athenahealth, Inc."
AFCB,Athens Bancshares Corporation
ATHX,"Athersys, Inc."
AAPC,Atlantic Alliance Partnership Corp.
AAME,Atlantic American Corporation
ACFC,Atlantic Coast Financial Corporation
ATNI,"Atlantic Tele-Network, Inc."
ATLC,Atlanticus Holdings Corporation
AAWW,Atlas Air Worldwide Holdings
AFH,"Atlas Financial Holdings, Inc."
ATML,Atmel Corporation
ATOS,Atossa Genetics Inc.
ATRC,"AtriCure, Inc."
ATRI,ATRION Corporation
ATRM,"ATRM Holdings, Inc."
ATTU,Attunity Ltd.
LIFE,"aTyr Pharma, Inc."
AUBN,"Auburn National Bancorporation, Inc."
AUDC,AudioCodes Ltd.
AUPH,Aurinia Pharmaceuticals Inc
EARS,Auris Medical Holding AG
ADAT,Authentidate Holding Corp.
ABTL,Autobytel Inc.
ADSK,"Autodesk, Inc."
ADP,"Automatic Data Processing, Inc."
AVGO,Avago Technologies Limited
AAVL,"Avalanche Biotechnologies, Inc."
AVNU,"Avenue Financial Holdings, Inc."
AVEO,"AVEO Pharmaceuticals, Inc."
AVNW,"Aviat Networks, Inc."
AVID,"Avid Technology, Inc."
AVGR,"Avinger, Inc."
CAR,"Avis Budget Group, Inc."
AWRE,"Aware, Inc."
ACLS,"Axcelis Technologies, Inc."
AXPW,"Axion Power International, Inc."
AXPWW,"Axion Power International, Inc."
AXGN,"AxoGen, Inc."
AXTI,AXT Inc
BCOM,B Communications Ltd.
RILY,"B. Riley Financial, Inc."
BOSC,B.O.S. Better Online Solutions
BEAV,"B/E Aerospace, Inc."
BIDU,"Baidu, Inc."
BCPC,Balchem Corporation
BWINA,"Baldwin & Lyons, Inc."
BWINB,"Baldwin & Lyons, Inc."
BLDP,"Ballard Power Systems, Inc."
BANF,BancFirst Corporation
BANFP,BancFirst Corporation
BKMU,Bank Mutual Corporation
BOCH,Bank of Commerce Holdings (CA)
BMRC,Bank of Marin Bancorp
BKSC,Bank of South Carolina Corp.
BOTJ,"Bank of the James Financial Group, Inc."
OZRK,Bank of the Ozarks
BFIN,BankFinancial Corporation
BWFG,"Bankwell Financial Group, Inc."
BANR,Banner Corporation
BZUN,Baozun Inc.
TAPR,Barclays Plc
BHAC,Barington/Hilco Acquisition Corp.
BHACR,Barington/Hilco Acquisition Corp.
BHACU,Barington/Hilco Acquisition Corp.
BHACW,Barington/Hilco Acquisition Corp.
BBSI,"Barrett Business Services, Inc."
BSET,"Bassett Furniture Industries, Incorporated"
BYBK,"Bay Bancorp, Inc."
BYLK,Baylake Corp
BV,"Bazaarvoice, Inc."
BBCN,"BBCN Bancorp, Inc."
BCBP,"BCB Bancorp, Inc. (NJ)"
BDCV,"BDCA Venture, Inc."
BECN,"Beacon Roofing Supply, Inc."
BSF,"Bear State Financial, Inc."
BBGI,"Beasley Broadcast Group, Inc."
BEBE,"bebe stores, inc."
BBBY,Bed Bath & Beyond Inc.
BELFA,Bel Fuse Inc.
BELFB,Bel Fuse Inc.
BLPH,"Bellerophon Therapeutics, Inc."
BLCM,"Bellicum Pharmaceuticals, Inc."
BNCL,"Beneficial Bancorp, Inc."
BNFT,"Benefitfocus, Inc."
BNTC,Benitec Biopharma Limited
BNTCW,Benitec Biopharma Limited
BGMD,"BG Medicine, Inc."
BGCP,"BGC Partners, Inc."
BGFV,Big 5 Sporting Goods Corporation
BIND,"BIND Therapeutics, Inc."
ORPN,Bio Blast Pharma Ltd.
BASI,"Bioanalytical Systems, Inc."
BCDA,"BioCardia, Inc."
BIOC,"Biocept, Inc."
BCRX,"BioCryst Pharmaceuticals, Inc."
BIOD,Biodel Inc.
BDSI,"BioDelivery Sciences International, Inc."
BIIB,Biogen Inc.
BIOL,"Biolase, Inc."
BLFS,"BioLife Solutions, Inc."
BLRX,BioLineRx Ltd.
BMRN,BioMarin Pharmaceutical Inc.
BVXV,BiondVax Pharmaceuticals Ltd.
BVXVW,BiondVax Pharmaceuticals Ltd.
BPTH,"Bio-Path Holdings, Inc."
BRLI,"Bio-Reference Laboratories, Inc."
BIOS,"BioScrip, Inc."
BBC,BioShares Biotechnology Clinical Trials Fund
BBP,BioShares Biotechnology Products Fund
BSTC,BioSpecifics Technologies Corp
BSPM,"Biostar Pharmaceuticals, Inc."
BOTA,"Biota Pharmaceuticals, Inc."
TECH,Bio-Techne Corp
BEAT,"BioTelemetry, Inc."
BITI,Biotie Therapies Corp.
BDMS,"Birner Dental Management Services, Inc."
BJRI,"BJ&#39;s Restaurants, Inc."
BBOX,Black Box Corporation
BDE,"Black Diamond, Inc."
BLKB,"Blackbaud, Inc."
BBRY,BlackBerry Limited
HAWK,"Blackhawk Network Holdings, Inc."
BKCC,BlackRock Capital Investment Corporation
ADRA,BLDRS Asia 50 ADR Index Fund
ADRD,BLDRS Developed Markets 100 ADR Index Fund
ADRE,BLDRS Emerging Markets 50 ADR Index Fund
ADRU,BLDRS Europe 100 ADR Index Fund
BLMN,"Bloomin&#39; Brands, Inc."
BCOR,"Blucora, Inc."
BLBD,Blue Bird Corporation
BUFF,"Blue Buffalo Pet Products, Inc."
BBLU,"Blue Earth, Inc."
BHBK,"Blue Hills Bancorp, Inc."
NILE,"Blue Nile, Inc."
BLUE,"bluebird bio, Inc."
BKEP,"Blueknight Energy Partners L.P., L.L.C."
BKEPP,"Blueknight Energy Partners L.P., L.L.C."
BPMC,Blueprint Medicines Corporation
BNCN,BNC Bancorp
BOBE,"Bob Evans Farms, Inc."
BOFI,"BofI Holding, Inc."
WIFI,"Boingo Wireless, Inc."
BOJA,"Bojangles&#39;, Inc."
BOKF,BOK Financial Corporation
BONA,Bona Film Group Limited
BNSO,"Bonso Electronics International, Inc."
BAMM,"Books-A-Million, Inc."
BPFH,"Boston Private Financial Holdings, Inc."
BPFHP,"Boston Private Financial Holdings, Inc."
BPFHW,"Boston Private Financial Holdings, Inc."
EPAY,"Bottomline Technologies, Inc."
BDBD,"Boulder Brands, Inc."
BCLI,Brainstorm Cell Therapeutics Inc.
BBRG,"Bravo Brio Restaurant Group, Inc."
BBEP,Breitburn Energy Partners LP
BBEPP,Breitburn Energy Partners LP
BDGE,"Bridge Bancorp, Inc."
BLIN          ,"Bridgeline Digital, Inc."
BRID,Bridgford Foods Corporation
BCOV,Brightcove Inc.
BRCM,Broadcom Corporation
BSFT,"BroadSoft, Inc."
BVSN,"BroadVision, Inc."
BYFC,Broadway Financial Corporation
BWEN,"Broadwind Energy, Inc."
BRCD,"Brocade Communications Systems, Inc."
BRKL,"Brookline Bancorp, Inc."
BRKS,"Brooks Automation, Inc."
BRKR,Bruker Corporation
BMTC,Bryn Mawr Bank Corporation
BLMT,"BSB Bancorp, Inc."
BSQR,BSQUARE Corporation
BWLD,"Buffalo Wild Wings, Inc."
BLDR,"Builders FirstSource, Inc."
BUR,Burcon Nutrascience Corp
CFFI,C&F Financial Corporation
CHRW,"C.H. Robinson Worldwide, Inc."
CA,CA Inc.
CCMP,Cabot Microelectronics Corporation
CDNS,"Cadence Design Systems, Inc."
CDZI,"Cadiz, Inc."
CACQ,Caesars Acquisition Company
CZR,Caesars Entertainment Corporation
CSTE,CaesarStone Sdot-Yam Ltd.
PRSS,CafePress Inc.
CLBS,"Caladrius Biosciences, Inc."
CLMS,"Calamos Asset Management, Inc."
CHY,Calamos Convertible and High Income Fund
CHI,Calamos Convertible Opportunities and Income Fund
CCD,Calamos Dynamic Convertible & Income Fund
CFGE,Calamos Focus Growth ETF
CHW,Calamos Global Dynamic Income Fund
CGO,Calamos Global Total Return Fund
CSQ,Calamos Strategic Total Return Fund
CAMP,CalAmp Corp.
CVGW,"Calavo Growers, Inc."
CFNB,California First National Bancorp
CALA,"Calithera Biosciences, Inc."
CALD,"Callidus Software, Inc."
CALM,"Cal-Maine Foods, Inc."
CLMT,"Calumet Specialty Products Partners, L.P."
ABCD,"Cambium Learning Group, Inc."
CAMB,CAMBRIDGE CAPITAL ACQUISITION CORPORATION
CAMBU,CAMBRIDGE CAPITAL ACQUISITION CORPORATION
CAMBW,CAMBRIDGE CAPITAL ACQUISITION CORPORATION
CAC,Camden National Corporation
CAMT,Camtek Ltd.
CSIQ,Canadian Solar Inc.
CGIX,"Cancer Genetics, Inc."
CPHC,Canterbury Park Holding Corporation
CBNJ,"Cape Bancorp, Inc."
CPLA,Capella Education Company
CBF,Capital Bank Financial Corp.
CCBG,Capital City Bank Group
CPLP,Capital Product Partners L.P.
CSWC,Capital Southwest Corporation
CPTA,Capitala Finance Corp.
CFFN,"Capitol Federal Financial, Inc."
CAPN,"Capnia, Inc."
CAPNW,"Capnia, Inc."
CAPR,"Capricor Therapeutics, Inc."
CPST,Capstone Turbine Corporation
CARA,"Cara Therapeutics, Inc."
CARB,"Carbonite, Inc."
CBYL,"Carbylan Therapeutics, Inc."
CRDC,"Cardica, Inc."
CFNL,Cardinal Financial Corporation
CRME,Cardiome Pharma Corporation
CSII,"Cardiovascular Systems, Inc."
CATM,"Cardtronics, Inc."
CDNA,"CareDx, Inc."
CECO,Career Education Corporation
CTRE,"CareTrust REIT, Inc."
CKEC,"Carmike Cinemas, Inc."
CLBH,Carolina Bank Holdings Inc.
CARO,Carolina Financial Corporation
CART,Carolina Trust Bank
CRZO,"Carrizo Oil & Gas, Inc."
TAST,"Carrols Restaurant Group, Inc."
CRTN,"Cartesian, Inc."
CARV,"Carver Bancorp, Inc."
CASM,"CAS Medical Systems, Inc."
CACB,Cascade Bancorp
CSCD,"Cascade Microtech, Inc."
CWST,"Casella Waste Systems, Inc."
CASY,"Caseys General Stores, Inc."
CASI,"CASI Pharmaceuticals, Inc."
CASS,"Cass Information Systems, Inc"
CATB,"Catabasis Pharmaceuticals, Inc."
CPRX,"Catalyst Pharmaceuticals, Inc."
CATY,Cathay General Bancorp
CATYW,Cathay General Bancorp
CVCO,"Cavco Industries, Inc."
CAVM,"Cavium, Inc."
CBFV,"CB Financial Services, Inc."
CNLM,CB Pharma Acquisition Corp.
CNLMR,CB Pharma Acquisition Corp.
CNLMU,CB Pharma Acquisition Corp.
CNLMW,CB Pharma Acquisition Corp.
CBOE,"CBOE Holdings, Inc."
CDK,"CDK Global, Inc."
CDW,CDW Corporation
CECE,CECO Environmental Corp.
CPXX,Celator Pharmaceuticals Inc.
CELG,Celgene Corporation
CELGZ,Celgene Corporation
CLDN,Celladon Corporation
CLDX,"Celldex Therapeutics, Inc."
CLRB,"Cellectar Biosciences, Inc."
CLRBW,"Cellectar Biosciences, Inc."
CLLS,Cellectis S.A.
CBMG,"Cellular Biomedicine Group, Inc."
CLSN,Celsion Corporation
CLTX,Celsus Therapeutics Plc
CYAD,Celyad SA
CEMP,"Cempra, Inc."
CETX,Cemtrex Inc.
CSFL,"CenterState Banks, Inc."
CETV,Central European Media Enterprises Ltd.
CFBK,Central Federal Corporation
CENT,Central Garden & Pet Company
CENTA,Central Garden & Pet Company
CVCY,Central Valley Community Bancorp
CENX,Century Aluminum Company
CNBKA,"Century Bancorp, Inc."
CNTY,"Century Casinos, Inc."
CPHD,CEPHEID
CRNT,Ceragon Networks Ltd.
CERE,"Ceres, Inc."
CERN,Cerner Corporation
CERU,Cerulean Pharma Inc.
CERS,Cerus Corporation
KOOL,Cesca Therapeutics Inc.
CEVA,"CEVA, Inc."
CYOU,Changyou.com Limited
HOTR,"Chanticleer Holdings, Inc."
HOTRW,"Chanticleer Holdings, Inc."
CTHR,Charles & Colvard Ltd
GTLS,"Chart Industries, Inc."
CHTR,"Charter Communications, Inc."
CHFN,Charter Financial Corp.
CHKP,Check Point Software Technologies Ltd.
CHEK,Check-Cap Ltd.
CHEKW,Check-Cap Ltd.
CEMI,"Chembio Diagnostics, Inc."
CHFC,Chemical Financial Corporation
CCXI,"ChemoCentryx, Inc."
CHMG,Chemung Financial Corp
CHKE,Cherokee Inc.
CHEV,Cheviot Financial Corp
CHMA,"Chiasma, Inc."
CBNK,"Chicopee Bancorp, Inc."
PLCE,"Children&#39;s Place, Inc. (The)"
CMRX,"Chimerix, Inc."
CADC,"China Advanced Construction Materials Group, Inc."
CALI,China Auto Logistics Inc.
CAAS,"China Automotive Systems, Inc."
CBAK,"China BAK Battery, Inc."
CBPO,"China Biologic Products, Inc."
CCCL,"China Ceramics Co., Ltd."
CCCR,"China Commercial Credit, Inc."
JRJC,China Finance Online Co. Limited
CHOP,China Gerui Advanced Materials Group Limited
HGSH,"China HGS Real Estate, Inc."
CHLN,"China Housing & Land Development, Inc."
CNIT,"China Information Technology, Inc."
CJJD,"China Jo-Jo Drugstores, Inc."
HTHT,"China Lodging Group, Limited"
CHNR,"China Natural Resources, Inc."
CREG,China Recycling Energy Corporation
CPGI,"China Shengda Packaging Group, Inc."
CSUN,"China Sunergy Co., Ltd."
CNTF,China TechFaith Wireless Communication Technology Limited
CXDC,China XD Plastics Company Limited
CNYD,"China Yida Holding, Co."
CCIH,ChinaCache International Holdings Ltd.
CNET,"ChinaNet Online Holdings, Inc."
IMOS,ChipMOS TECHNOLOGIES (Bermuda) LTD.
CHSCL,CHS Inc
CHSCM,CHS Inc
CHSCN,CHS Inc
CHSCO,CHS Inc
CHSCP,CHS Inc
CHDN,"Churchill Downs, Incorporated"
CHUY,"Chuy&#39;s Holdings, Inc."
CDTX,"Cidara Therapeutics, Inc."
CIFC,CIFC Corp.
CMCT,CIM Commercial Trust Corporation
CMPR,Cimpress N.V
CINF,Cincinnati Financial Corporation
CIDM,Cinedigm Corp
CTAS,Cintas Corporation
CPHR,Cipher Pharmaceuticals Inc.
CRUS,"Cirrus Logic, Inc."
CSCO,"Cisco Systems, Inc."
CTRN,"Citi Trends, Inc."
CZNC,Citizens & Northern Corp
CZWI,"Citizens Community Bancorp, Inc."
CZFC,Citizens First Corporation
CIZN,Citizens Holding Company
CTXS,"Citrix Systems, Inc."
CHCO,City Holding Company
CIVB,"Civista Bancshares, Inc. "
CIVBP,"Civista Bancshares, Inc. "
CDTI,"Clean Diesel Technologies, Inc."
CLNE,Clean Energy Fuels Corp.
CLNT,"Cleantech Solutions International, Inc."
CLFD,"Clearfield, Inc."
CLRO,"ClearOne, Inc."
CLIR,ClearSign Combustion Corporation
CBLI,"Cleveland BioLabs, Inc."
CSBK,Clifton Bancorp Inc.
CLVS,"Clovis Oncology, Inc."
CMFN,CM Finance Inc
CME,CME Group Inc.
CCNE,CNB Financial Corporation
CISG,CNinsure Inc.
CNV,Cnova N.V.
CWAY,"Coastway Bancorp, Inc."
COBZ,CoBiz Financial Inc.
COKE,Coca-Cola Bottling Co. Consolidated
CDRB,Code Rebel Corporation
CDXS,"Codexis, Inc."
CVLY,"Codorus Valley Bancorp, Inc"
JVA,"Coffee Holding Co., Inc."
CCOI,"Cogent Communications Holdings, Inc."
CGNT,"Cogentix Medical, Inc."
CGNX,Cognex Corporation
CTSH,Cognizant Technology Solutions Corporation
COHR,"Coherent, Inc."
CHRS,"Coherus BioSciences, Inc."
COHU,"Cohu, Inc."
CLRX,"CollabRx, Inc."
CLCT,"Collectors Universe, Inc."
COLL,"Collegium Pharmaceutical, Inc."
CIGI,Colliers International Group Inc. 
CBAN,"Colony Bankcorp, Inc."
CLCD,"CoLucid Pharmaceuticals, Inc."
COLB,"Columbia Banking System, Inc."
COLM,Columbia Sportswear Company
CMCO,Columbus McKinnon Corporation
CBMX,CombiMatrix Corporation
CMCSA,Comcast Corporation
CMCSK,Comcast Corporation
CBSH,"Commerce Bancshares, Inc."
CBSHP,"Commerce Bancshares, Inc."
CUBN,"Commerce Union Bancshares, Inc."
CVGI,"Commercial Vehicle Group, Inc."
COMM,"CommScope Holding Company, Inc."
CSAL,"Communications Sales & Leasing,Inc."
JCS,"Communications Systems, Inc."
ESXB,Community Bankers Trust Corporation.
CYHHZ,"Community Health Systems, Inc."
CTBI,"Community Trust Bancorp, Inc."
CWBC,Community West Bancshares
COB,CommunityOne Bancorp
CVLT,"CommVault Systems, Inc."
CIZ,Compass EMP Developed 500 Enhanced Volatility Weighted Index E
CIL,Compass EMP International 500 Volatility Weighted Index ETF
CID,Compass EMP International High Dividend 100 Volatility Weighte
CSA,Compass EMP Small Cap 500 Volatility Weighted Index ETF
CDC,Compass EMP U S EQ Income 100 Enhanced Volatility Weighted Fun
CSF,Compass EMP U.S. Discovery 500 Enhanced Volatility Weighted Fu
CFO,Compass EMP US 500 Enhanced Volatility Weighted Index ETF
CFA,Compass EMP US 500 Volatility Weighted Index ETF
CDL,Compass EMP US Large Cap High Dividend 100 Volatility Weighted
CSB,Compass EMP US Small Cap High Dividend 100 Volatility Weighted
CGEN,Compugen Ltd.
CPSI,"Computer Programs and Systems, Inc."
CTG,"Computer Task Group, Incorporated"
SCOR,"comScore, Inc."
CHCI,"Comstock Holding Companies, Inc."
CMTL,Comtech Telecommunications Corp.
CNSI,Comverse Inc.
CNAT,Conatus Pharmaceuticals Inc.
CNCE,"Concert Pharmaceuticals, Inc."
CXRX,Concordia Healthcare Corp.
CCUR,Concurrent Computer Corporation
CDOR,"Condor Hospitality Trust, Inc."
CDORO,"Condor Hospitality Trust, Inc."
CDORP,"Condor Hospitality Trust, Inc."
CFMS,"ConforMIS, Inc."
CNFR,"Conifer Holdings, Inc."
CNMD,CONMED Corporation
CTWS,"Connecticut Water Service, Inc."
CNOB,"ConnectOne Bancorp, Inc."
CNXR,"Connecture, Inc."
CONN,"Conn&#39;s, Inc."
CNSL,"Consolidated Communications Holdings, Inc."
CWCO,Consolidated Water Co. Ltd.
CTCT,"Constant Contact, Inc."
CPSS,"Consumer Portfolio Services, Inc."
CFRX,ContraFect Corporation
CFRXW,ContraFect Corporation
CFRXZ,ContraFect Corporation
CTRV,ContraVir Pharmaceuticals Inc
CTRL,Control4 Corporation
CPRT,"Copart, Inc."
CRBP,"Corbus Pharmaceuticals Holdings, Inc."
CORT,Corcept Therapeutics Incorporated
BVA,Cordia Bancorp Inc.
CORE,"Core-Mark Holding Company, Inc."
CORI,"Corium International, Inc."
CSOD,"Cornerstone OnDemand, Inc."
CRVL,CorVel Corp.
COSI,"Cosi, Inc."
CSGP,"CoStar Group, Inc."
COST,Costco Wholesale Corporation
CPAH,CounterPath Corporation
ICBK,"County Bancorp, Inc."
CVTI,"Covenant Transportation Group, Inc."
COVS,Covisint Corporation
COWN,"Cowen Group, Inc."
COWNL,"Cowen Group, Inc."
CPSH,CPS Technologies Corp.
CRAI,"CRA International,Inc."
CBRL,"Cracker Barrel Old Country Store, Inc."
BREW,"Craft Brew Alliance, Inc."
CRAY,Cray Inc
CACC,Credit Acceptance Corporation
GLDI,Credit Suisse AG
SLVO,Credit Suisse Ag
CREE,"Cree, Inc."
CRESY,Cresud S.A.C.I.F. y A.
CRTO,Criteo S.A.
CROX,"Crocs, Inc."
CCRN,"Cross Country Healthcare, Inc."
CRDS,"Crossroads Systems, Inc."
CRWS,"Crown Crafts, Inc."
CRWN,"Crown Media Holdings, Inc."
CYRX,"CryoPort, Inc."
CYRXW,"CryoPort, Inc."
CSGS,"CSG Systems International, Inc."
CCLP,CSI Compressco LP
CSPI,CSP Inc.
CTCM,"CTC Media, Inc."
CTIC,CTI BioPharma Corp.
CTIB,CTI Industries Corporation
CTRP,"Ctrip.com International, Ltd."
CUNB,CU Bancorp (CA)
CUI,"CUI Global, Inc."
CPIX,Cumberland Pharmaceuticals Inc.
CMLS,Cumulus Media Inc.
CRIS,"Curis, Inc."
CUTR,"Cutera, Inc."
CVBF,CVB Financial Corporation
CVV,CVD Equipment Corporation
CYAN,Cyanotech Corporation
CYBR,CyberArk Software Ltd.
CYBX,"Cyberonics, Inc."
CYBE,CyberOptics Corporation
CYCC,"Cyclacel Pharmaceuticals, Inc."
CYCCP,"Cyclacel Pharmaceuticals, Inc."
CBAY,Cymabay Therapeutics Inc.
CYNA,Cynapsus Therapeutics Inc.
CYNO,"Cynosure, Inc."
CY,Cypress Semiconductor Corporation
CYRN,CYREN Ltd.
CONE,CyrusOne Inc
CYTK,"Cytokinetics, Incorporated"
CYTX,Cytori Therapeutics Inc
CTSO,Cytosorbents Corporation
CYTR,CytRx Corporation
DAEG,Daegis Inc
TVIZ,Daily 2X VIX Med-Term ETN Velocityshares
TVIX,Daily 2X VIX ST ETN Velocityshares
ZIV,Daily Inverse VIX Mt ETN Velocityshares
XIV,Daily Inverse VIX ST ETN Velocityshares
DJCO,Daily Journal Corp. (S.C.)
DAKT,"Daktronics, Inc."
DARA,"DARA Biosciences, Inc."
DAIO,Data I/O Corporation
DTLK,Datalink Corporation
DRAM,Dataram Corporation
DWCH,Datawatch Corporation
PLAY,"Dave & Buster&#39;s Entertainment, Inc."
DTEA,DAVIDsTEA Inc.
DWSN,Dawson Geophysical Company
DBVT,DBV Technologies S.A.
TRAK,"Dealertrack Technologies, Inc."
DHRM,Dehaier Medical Systems Limited
DFRG,"Del Frisco&#39;s Restaurant Group, Inc."
TACO,"Del Taco Restaurants, Inc."
TACOW,"Del Taco Restaurants, Inc."
DCTH,"Delcath Systems, Inc."
DGAS,"Delta Natural Gas Company, Inc."
DELT,Delta Technology Holdings Limited
DELTW,Delta Technology Holdings Limited
DENN,Denny&#39;s Corporation
XRAY,DENTSPLY International Inc.
DEPO,"Depomed, Inc."
DSCI,"Derma Sciences, Inc."
DERM,"Dermira, Inc."
DEST,Destination Maternity Corporation
DXLG,"Destination XL Group, Inc."
DSWL,"Deswell Industries, Inc."
DXM,"Dex Media, Inc."
DXCM,"DexCom, Inc."
DHXM,DHX Media Ltd.
DMND,"Diamond Foods, Inc."
DHIL,"Diamond Hill Investment Group, Inc."
FANG,"Diamondback Energy, Inc."
DCIX,Diana Containerships Inc.
DRNA,"Dicerna Pharmaceuticals, Inc."
DGII,Digi International Inc.
DMRC,Digimarc Corporation
DRAD,Digirad Corporation
DGLY,"Digital Ally, Inc."
APPS,"Digital Turbine, Inc."
DCOM,"Dime Community Bancshares, Inc."
DIOD,Diodes Incorporated
DPRX,"Dipexium Pharmaceuticals, Inc."
DISCA,"Discovery Communications, Inc."
DISCB,"Discovery Communications, Inc."
DISCK,"Discovery Communications, Inc."
DSCO,"Discovery Laboratories, Inc."
DISH,DISH Network Corporation
DVCR,Diversicare Healthcare Services Inc.
BAGR,"Diversified Restaurant Holdings, Inc."
DLHC,DLH Holdings Corp.
DNBF,DNB Financial Corp
DLTR,"Dollar Tree, Inc."
DGICA,"Donegal Group, Inc."
DGICB,"Donegal Group, Inc."
DMLP,"Dorchester Minerals, L.P."
DORM,"Dorman Products, Inc."
HILL,Dot Hill Systems Corporation
DRWI,DragonWave Inc
DRWIW,DragonWave Inc
DWA,"Dreamworks Animation SKG, Inc."
DRYS,DryShips Inc.
DSKX,"DS Healthcare Group, Inc."
DSPG,"DSP Group, Inc."
CADT,DT Asia Investments Limited
CADTR,DT Asia Investments Limited
CADTU,DT Asia Investments Limited
CADTW,DT Asia Investments Limited
DTSI,"DTS, Inc."
DNKN,"Dunkin&#39; Brands Group, Inc."
DRRX,Durect Corporation
DXPE,"DXP Enterprises, Inc."
DYAX,Dyax Corp.
BOOM,Dynamic Materials Corporation
DYSL,Dynasil Corporation of America
DYNT,Dynatronics Corporation
DVAX,Dynavax Technologies Corporation
ETFC,E*TRADE Financial Corporation
EBMT,"Eagle Bancorp Montana, Inc."
EGBN,"Eagle Bancorp, Inc."
EGLE,Eagle Bulk Shipping Inc.
EGRX,"Eagle Pharmaceuticals, Inc."
EROC,"Eagle Rock Energy Partners, L.P."
ELNK,EarthLink Holdings Corp.
EWBC,"East West Bancorp, Inc."
EACQU,Easterly Acquisition Corp.
EML,Eastern Company (The)
EVBS,"Eastern Virginia Bankshares, Inc."
EBAY,eBay Inc.
EBIX,"Ebix, Inc."
ELON,Echelon Corporation
ECHO,"Echo Global Logistics, Inc."
ECTE,"Echo Therapeutics, Inc."
SATS,EchoStar Corporation
EEI,"Ecology and Environment, Inc."
ECACU,E-compass Acquisition Corp.
ESES,"Eco-Stim Energy Solutions, Inc."
EDAP,EDAP TMS S.A.
EDGW,"Edgewater Technology, Inc."
EDUC,Educational Development Corporation
EFUT,eFuture Information Technology Inc.
EGAN,eGain Corporation
EGLT,Egalet Corporation
EHTH,"eHealth, Inc."
LOCO,"El Pollo Loco Holdings, Inc."
EMITF,Elbit Imaging Ltd.
ESLT,Elbit Systems Ltd.
ERI,"Eldorado Resorts, Inc."
ELRC,Electro Rent Corporation
ESIO,"Electro Scientific Industries, Inc."
EA,Electronic Arts Inc.
EFII,"Electronics for Imaging, Inc."
ELSE,"Electro-Sensors, Inc."
ELEC,Electrum Special Acquisition Corporation
ELECU,Electrum Special Acquisition Corporation
ELECW,Electrum Special Acquisition Corporation
EBIO,"Eleven Biotherapeutics, Inc."
RDEN,"Elizabeth Arden, Inc."
CAPX,Elkhorn S&P 500 Capital Expenditures Portfolio
ESBK,Elmira Savings Bank NY (The)
LONG,"eLong, Inc."
ELTK,Eltek Ltd.
EMCI,EMC Insurance Group Inc.
EMCF,Emclaire Financial Corp
EMKR,EMCORE Corporation
EMMS,Emmis Communications Corporation
EMMSP,Emmis Communications Corporation
NYNY,"Empire Resorts, Inc."
ERS,"Empire Resources, Inc."
ENTA,"Enanta Pharmaceuticals, Inc."
ECPG,Encore Capital Group Inc
WIRE,Encore Wire Corporation
ENDP,Endo International plc
ECYT,"Endocyte, Inc."
ELGX,"Endologix, Inc."
EIGI,"Endurance International Group Holdings, Inc."
WATT,Energous Corporation
EFOI,"Energy Focus, Inc."
ERII,"Energy Recovery, Inc."
EXXI,Energy XXI Ltd.
ENOC,"EnerNOC, Inc."
ENG,ENGlobal Corporation
ENPH,"Enphase Energy, Inc."
ESGR,Enstar Group Limited
ENFC,Entegra Financial Corp.
ENTG,"Entegris, Inc."
ENTL,"Entellus Medical, Inc."
ETRM,EnteroMedics Inc.
EBTC,Enterprise Bancorp Inc
EFSC,Enterprise Financial Services Corporation
EGT,Entertainment Gaming Asia Incorporated
ENVI,"Envivio, Inc."
ENZN,"Enzon Pharmaceuticals, Inc."
ENZY          ,Enzymotec Ltd.
EPIQ,"EPIQ Systems, Inc."
EPRS,"EPIRUS Biopharmaceuticals, Inc."
EPZM,"Epizyme, Inc."
PLUS,ePlus inc.
EQIX,"Equinix, Inc."
EQFN,Equitable Financial Corp.
EAC           ,Erickson Incorporated
ERIC,Ericsson
ERIE,Erie Indemnity Company
ESCA,"Escalade, Incorporated"
ESCR,Escalera Resources Co.
ESCRP,Escalera Resources Co.
ESMC,Escalon Medical Corp.
ESPR,"Esperion Therapeutics, Inc."
ESSA,"ESSA Bancorp, Inc."
EPIX,ESSA Pharma Inc.
ESND,Essendant Inc.
ESSX,Essex Rental Corporation
ETSY,"Etsy, Inc."
CLWT,Euro Tech Holdings Company Limited
EEFT,"Euronet Worldwide, Inc."
ESEA,Euroseas Ltd.
EVEP,"EV Energy Partners, L.P."
EVK,"Ever-Glory International Group, Inc."
EVLV,EVINE Live Inc.
EVOK,"Evoke Pharma, Inc."
EVOL,"Evolving Systems, Inc."
EXA,Exa Corporation
EXAS,EXACT Sciences Corporation
EXAC,"Exactech, Inc."
EXEL,"Exelixis, Inc."
EXFO,EXFO Inc
EXLS,"ExlService Holdings, Inc."
EXPE,"Expedia, Inc."
EXPD,"Expeditors International of Washington, Inc."
EXPO,"Exponent, Inc."
ESRX,Express Scripts Holding Company
EXLP,"Exterran Partners, L.P."
EXTR,"Extreme Networks, Inc."
EYEG,"Eyegate Pharmaceuticals, Inc."
EYEGW,"Eyegate Pharmaceuticals, Inc."
EZCH,EZchip Semiconductor Limited
EZPW,"EZCORP, Inc."
FFIV,"F5 Networks, Inc."
FB,"Facebook, Inc."
FCS,"Fairchild Semiconductor International, Inc."
FRP,"FairPoint Communications, Inc."
FWM,Fairway Group Holdings Corp.
FALC,"FalconStor Software, Inc."
DAVE,"Famous Dave&#39;s of America, Inc."
FARM,Farmer Brothers Company
FFKT,Farmers Capital Bank Corporation
FMNB,Farmers National Banc Corp.
FARO,"FARO Technologies, Inc."
FAST,Fastenal Company
FATE,"Fate Therapeutics, Inc."
FBSS,"Fauquier Bankshares, Inc."
FBRC,FBR & Co
FDML,Federal-Mogul Holdings Corporation
FNHC,Federated National Holding Company
FEIC,FEI Company
FHCO,Female Health Company (The)
FENX,"Fenix Parts, Inc."
FCSC,Fibrocell Science Inc
FGEN,"FibroGen, Inc"
ONEQ,Fidelity Nasdaq Composite Index Tracking Stock
LION,Fidelity Southern Corporation
FDUS,Fidus Investment Corporation
FRGI,"Fiesta Restaurant Group, Inc."
FSAM,Fifth Street Asset Management Inc.
FSC,Fifth Street Finance Corp.
FSCFL,Fifth Street Finance Corp.
FSFR,Fifth Street Senior Floating Rate Corp.
FITB,Fifth Third Bancorp
FITBI,Fifth Third Bancorp
FNGN,"Financial Engines, Inc."
FISI,"Financial Institutions, Inc."
FNSR,Finisar Corporation
FNJN,"Finjan Holdings, Inc."
FNTC,FinTech Acquisition Corp.
FNTCU,FinTech Acquisition Corp.
FNTCW,FinTech Acquisition Corp.
FEYE,"FireEye, Inc."
FBNC,First Bancorp
FNLC,"First Bancorp, Inc (ME)"
FRBA,First Bank
BUSE,First Busey Corporation
FBIZ,"First Business Financial Services, Inc."
FCVA,"First Capital Bancorp, Inc. (VA)"
FCAP,"First Capital, Inc."
FCFS,"First Cash Financial Services, Inc."
FCNCA,"First Citizens BancShares, Inc."
FCLF,First Clover Leaf Financial Corp.
FCBC,"First Community Bancshares, Inc."
FCCO,First Community Corporation
FCFP,"First Community Financial Partners, Inc."
FBNK,"First Connecticut Bancorp, Inc."
FDEF,First Defiance Financial Corp.
FFNM,"First Federal of Northern Michigan Bancorp, Inc."
FFBC,First Financial Bancorp.
FFBCW,First Financial Bancorp.
FFIN,"First Financial Bankshares, Inc."
THFF,First Financial Corporation Indiana
FFNW,"First Financial Northwest, Inc."
FFWM,First Foundation Inc.
INBK,First Internet Bancorp
FIBK,"First Interstate BancSystem, Inc."
FRME,First Merchants Corporation
FMBH,"First Mid-Illinois Bancshares, Inc."
FMBI,"First Midwest Bancorp, Inc."
FNBC,First NBC Bank Holding Company
FNFG,First Niagara Financial Group Inc.
FNWB,First Northwest Bancorp
FSFG,"First Savings Financial Group, Inc."
FSGI,"First Security Group, Inc."
FSLR,"First Solar, Inc."
FSBK,First South Bancorp Inc
BICK,First Trust BICK Index Fund
FBZ,First Trust Brazil AlphaDEX Fund
FCAN,First Trust Canada AlphaDEX Fund
FTCS,First Trust Capital Strength ETF
FCA,First Trust China AlphaDEX Fund
FV,First Trust Dorsey Wright Focus 5 ETF
IFV,First Trust Dorsey Wright International Focus 5 ETF
FEMB,First Trust Emerging Markets Local Currency Bond ETF
FTSM,First Trust Enhanced Short Maturity ETF
FEUZ,First Trust Eurozone AlphaDEX ETF
TDIV,First Trust Exchange-Traded Fund VI First Trust NASDAQ Technol
MDIV,First Trust Exchange-Traded Fund VI Multi-Asset Diversified In
FGM,First Trust Germany AlphaDEX Fund
FTGC,First Trust Global Tactical Commodity Strategy Fund
FTHI,First Trust High Income ETF
HYLS,First Trust High Yield Long/Short ETF
FHK,First Trust Hong Kong AlphaDEX Fund
FPXI,First Trust International IPO ETF
YDIV,First Trust International Multi-Asset Diversified Income Index
SKYY,First Trust ISE Cloud Computing Index Fund
CU,First Trust ISE Global Copper Index Fund
PLTM,First Trust ISE Global Platinum Index Fund
FJP,First Trust Japan AlphaDEX Fund
FTLB,First Trust Low Beta Income ETF
LMBS,First Trust Low Duration Mortgage Opportunities ETF
FMB,First Trust Managed Municipal ETF
QABA,First Trust NASDAQ ABA Community Bank Index Fund
CIBR,First Trust NASDAQ CEA Cybersecurity ETF
FONE,First Trust NASDAQ CEA Smartphone Index Fund
QCLN,First Trust NASDAQ Clean Edge Green Energy Index Fund
GRID,First Trust NASDAQ Clean Edge Smart Grid Infrastructure Index 
CARZ,First Trust NASDAQ Global Auto Index Fund
RDVY,First Trust NASDAQ Rising Dividend Achievers ETF
QQEW,First Trust NASDAQ-100 Equal Weighted Index Fund
QQXT,First Trust NASDAQ-100 Ex-Technology Sector Index Fund
QTEC,First Trust NASDAQ-100- Technology Index Fund
AIRR,First Trust RBA American Industrial Renaissance ETF
QINC,First Trust RBA Quality Income ETF
FTSL,First Trust Senior Loan Fund ETF
FKO,First Trust South Korea AlphaDEX Fund
FDIV,First Trust Strategic Income ETF
FSZ,First Trust Switzerland AlphaDEX Fund
FTW,First Trust Taiwan AlphaDEX Fund
TUSA,First Trust Total US Market AlphaDEX ETF
FKU,First Trust United Kingdom AlphaDEX Fund
FUNC,First United Corporation
SVVC,"Firsthand Technology Value Fund, Inc."
FMER,FirstMerit Corporation
FSV,FirstService Corporation
FISV,"Fiserv, Inc."
FIVE,"Five Below, Inc."
FPRX,"Five Prime Therapeutics, Inc."
FIVN,"Five9, Inc."
FLML,Flamel Technologies S.A.
FLKS,"Flex Pharma, Inc."
FLXN,"Flexion Therapeutics, Inc."
SKOR,FlexShares Credit-Scored US Corporate Bond Index Fund
MBSD,FlexShares Disciplined Duration MBS Index Fund
FLXS,"Flexsteel Industries, Inc."
FLEX,Flextronics International Ltd.
FLIR,"FLIR Systems, Inc."
FLDM,Fluidigm Corporation
FFIC,Flushing Financial Corporation
FOMX,Foamix Pharmaceuticals Ltd.
FOGO,"Fogo de Chao, Inc."
FONR,Fonar Corporation
FES,Forbes Energy Services Ltd
FORM,"FormFactor, Inc."
FORTY,Formula Systems (1985) Ltd.
FORR,"Forrester Research, Inc."
FTNT,"Fortinet, Inc."
FBIO,"Fortress Biotech, Inc."
FWRD,Forward Air Corporation
FORD,"Forward Industries, Inc."
FWP,Forward Pharma A/S
FOSL,"Fossil Group, Inc."
FMI,"Foundation Medicine, Inc."
FXCB,"Fox Chase Bancorp, Inc."
FOXF,Fox Factory Holding Corp.
FRAN,Francesca&#39;s Holdings Corporation
FELE,"Franklin Electric Co., Inc."
FRED,"Fred&#39;s, Inc."
FREE,FreeSeas Inc.
RAIL,"Freightcar America, Inc."
FEIM,"Frequency Electronics, Inc."
FRPT,"Freshpet, Inc."
FTR,Frontier Communications Corporation
FTRPR,Frontier Communications Corporation
FRPH,"FRP Holdings, Inc."
FSBW,"FS Bancorp, Inc."
FTD,"FTD Companies, Inc."
FSYS,"Fuel Systems Solutions, Inc."
FTEK,"Fuel Tech, Inc."
FCEL,"FuelCell Energy, Inc."
FULL,Full Circle Capital Corporation
FULLL,Full Circle Capital Corporation
FLL,"Full House Resorts, Inc."
FULT,Fulton Financial Corporation
FSNN,"Fusion Telecommunications International, Inc."
FFHL,"Fuwei Films (Holdings) Co., Ltd."
FXEN,"FX Energy, Inc."
FXENP,"FX Energy, Inc."
GK,"G&K Services, Inc."
WILC,"G. Willi-Food International,  Ltd."
GAIA,"Gaiam, Inc."
GLPG,Galapagos NV
GALT,Galectin Therapeutics Inc.
GALTU,Galectin Therapeutics Inc.
GALTW,Galectin Therapeutics Inc.
GALE,"Galena Biopharma, Inc."
GLMD,Galmed Pharmaceuticals Ltd.
GLPI,"Gaming and Leisure Properties, Inc."
GPIC,Gaming Partners International Corporation
GRMN,Garmin Ltd.
GGAC,Garnero Group Acquisition Company
GGACR,Garnero Group Acquisition Company
GGACU,Garnero Group Acquisition Company
GGACW,Garnero Group Acquisition Company
GARS,Garrison Capital Inc.
GENC,Gencor Industries Inc.
GNCMA,"General Communication, Inc."
GFN,General Finance Corporation
GFNCP,General Finance Corporation
GFNSL,General Finance Corporation
GENE,Genetic Technologies Ltd
GNMK,"GenMark Diagnostics, Inc."
GNCA,"Genocea Biosciences, Inc."
GHDX,"Genomic Health, Inc."
GNTX,Gentex Corporation
THRM,Gentherm Inc
GNVC,"GenVec, Inc."
GTWN,"Georgetown Bancorp, Inc."
GEOS,Geospace Technologies Corporation
GABC,"German American Bancorp, Inc."
GERN,Geron Corporation
GEVO,"Gevo, Inc."
ROCK,"Gibraltar Industries, Inc."
GIGM,GigaMedia Limited
GIGA,Giga-tronics Incorporated
GIII,"G-III Apparel Group, LTD."
GILT,Gilat Satellite Networks Ltd.
GILD,"Gilead Sciences, Inc."
GBCI,"Glacier Bancorp, Inc."
GLAD,Gladstone Capital Corporation
GLADO,Gladstone Capital Corporation
GOOD,Gladstone Commercial Corporation
GOODN,Gladstone Commercial Corporation
GOODO,Gladstone Commercial Corporation
GOODP,Gladstone Commercial Corporation
GAIN,Gladstone Investment Corporation
GAINN,Gladstone Investment Corporation
GAINO,Gladstone Investment Corporation
GAINP,Gladstone Investment Corporation
LAND,Gladstone Land Corporation
GLBZ,Glen Burnie Bancorp
GBT,"GLOBAL BLOOD THERAPEUTICS, INC."
GDEF,"Global Defense & National Security Systems, Inc."
ENT,Global Eagle Entertainment Inc.
GBLI,Global Indemnity plc
GPAC,Global Partner Acquisition Corp.
GPACU,Global Partner Acquisition Corp.
GPACW,Global Partner Acquisition Corp.
GSOL,Global Sources Ltd.
ACTX,Global X Guru Activist ETF
QQQC,Global X NASDAQ China Technology ETF
SOCL,Global X Social Media Index ETF
ALTY,Global X SuperDividend Alternatives ETF
SRET,Global X SuperDividend REIT ETF
YLCO,Global X Yieldco Index ETF
GAI,Global-Tech Advanced Innovations Inc.
GSM,Globe Specialty Metals Inc.
GBIM,"GlobeImmune, Inc."
GLBS,Globus Maritime Limited
GLRI,Glori Energy Inc
GLUU,Glu Mobile Inc.
GLYC,"GlycoMimetics, Inc."
GOGO,Gogo Inc.
GLNG,Golar LNG Limited
GMLP,Golar LNG Partners LP
GLDC,"Golden Enterprises, Inc."
GDEN,"Golden Entertainment, Inc."
GOGL,Golden Ocean Group Limited
GBDC,"Golub Capital BDC, Inc."
GTIM,Good Times Restaurants Inc.
GOOG,Google Inc.
GOOGL,Google Inc.
GPRO,"GoPro, Inc."
GMAN,"Gordmans Stores, Inc."
GRSHU,"Gores Holdings, Inc."
GPIA,GP Investments Acquisition Corp.
GPIAU,GP Investments Acquisition Corp.
GPIAW,GP Investments Acquisition Corp.
LOPE,"Grand Canyon Education, Inc."
GRVY,"GRAVITY Co., Ltd."
GBSN,"Great Basin Scientific, Inc."
GBSNU,"Great Basin Scientific, Inc."
GLDD,Great Lakes Dredge & Dock Corporation
GSBC,"Great Southern Bancorp, Inc."
GNBC,"Green Bancorp, Inc."
GRBK,"Green Brick Partners, Inc."
GPP,Green Plains Partners LP
GPRE,"Green Plains, Inc."
GCBC,"Greene County Bancorp, Inc."
GLRE,"Greenlight Reinsurance, Ltd."
GRIF,"Griffin Industrial Realty, Inc."
GRFS,"Grifols, S.A."
GRPN,"Groupon, Inc."
OMAB,Grupo Aeroportuario del Centro Norte S.A.B. de C.V.
GGAL,Grupo Financiero Galicia S.A.
GSIG,"GSI Group, Inc."
GSIT,"GSI Technology, Inc."
GSVC,GSV Capital Corp
GTXI,"GTx, Inc."
GBNK,Guaranty Bancorp
GFED,"Guaranty Federal Bancshares, Inc."
GUID,"Guidance Software, Inc."
GULTU,Gulf Coast Ultra Deep Royalty Trust
GIFI,"Gulf Island Fabrication, Inc."
GURE,"Gulf Resources, Inc."
GPOR,Gulfport Energy Corporation
GWPH,GW Pharmaceuticals Plc
GWGH,"GWG Holdings, Inc"
GYRO,"Gyrodyne Company of America, Inc."
HEES,"H&E Equipment Services, Inc."
HLG,Hailiang Education Group Inc.
HNRG,Hallador Energy Company
HALL,"Hallmark Financial Services, Inc."
HALO,"Halozyme Therapeutics, Inc."
HBK,"Hamilton Bancorp, Inc."
HMPR,Hampton Roads Bankshares Inc
HBHC,Hancock Holding Company
HBHCL,Hancock Holding Company
HNH,Handy & Harman Ltd.
HAFC,Hanmi Financial Corporation
HNSN,"Hansen Medical, Inc."
HQCL,"Hanwha Q CELLS Co., Ltd. "
HDNG,"Hardinge, Inc."
HLIT,Harmonic Inc.
HRMN,Harmony Merger Corp.
HRMNU,Harmony Merger Corp.
HRMNW,Harmony Merger Corp.
TINY,"Harris & Harris Group, Inc."
HART          ,"Harvard Apparatus Regenerative Technology, Inc."
HBIO,"Harvard Bioscience, Inc."
HCAP,Harvest Capital Credit Corporation
HCAPL,Harvest Capital Credit Corporation
HAS,"Hasbro, Inc."
HA,"Hawaiian Holdings, Inc."
HCOM,"Hawaiian Telcom Holdco, Inc."
HWKN,"Hawkins, Inc."
HWBK,"Hawthorn Bancshares, Inc."
HAYN,"Haynes International, Inc."
HDS,"HD Supply Holdings, Inc."
HIIQ,"Health Insurance Innovations, Inc."
HCSG,"Healthcare Services Group, Inc."
HQY,"HealthEquity, Inc."
HSTM,"HealthStream, Inc."
HWAY,"Healthways, Inc."
HTLD,"Heartland Express, Inc."
HTLF,"Heartland Financial USA, Inc."
HTWR,"Heartware International, Inc."
HTBX,"Heat Biologics, Inc."
HSII,"Heidrick & Struggles International, Inc."
HELE,Helen of Troy Limited
HMNY,Helios and Matheson Analytics Inc
HMTV,"Hemisphere Media Group, Inc."
HNNA,"Hennessy Advisors, Inc."
HCACU,Hennessy Capital Acquisition Corp. II
HSIC,"Henry Schein, Inc."
HERO,"Hercules Offshore, Inc."
HTBK,Heritage Commerce Corp
HFWA,Heritage Financial Corporation
HEOP,Heritage Oaks Bancorp
HCCI,"Heritage-Crystal Clean, Inc."
MLHR,"Herman Miller, Inc."
HRTX,"Heron Therapeutics, Inc.  "
HSKA,Heska Corporation
HFFC,HF Financial Corp.
HIBB,"Hibbett Sports, Inc."
HPJ,Highpower International Inc
HIHO,Highway Holdings Limited
HIMX,"Himax Technologies, Inc."
HIFS,Hingham Institution for Savings
HSGX,Histogenics Corporation
HMNF,"HMN Financial, Inc."
HMSY,HMS Holdings Corp
HOLI,"Hollysys Automation Technologies, Ltd."
HOLX,"Hologic, Inc."
HBCP,"Home Bancorp, Inc."
HOMB,"Home BancShares, Inc."
HFBL,"Home Federal Bancorp, Inc. of Louisiana"
AWAY,"HomeAway, Inc."
HMIN,Homeinns Hotel Group
HMST,"HomeStreet, Inc."
HTBI,"HomeTrust Bancshares, Inc."
HKTV,Hong Kong Television Network Limited
CETC,Hongli Clean Energy Technologies Corp.
HOFT,Hooker Furniture Corporation
HFBC,"HopFed Bancorp, Inc."
HBNC,Horizon Bancorp (IN)
HZNP,Horizon Pharma plc
HRZN,Horizon Technology Finance Corporation
ZINC,Horsehead Holding Corp.
HDP,"Hortonworks, Inc."
HMHC,Houghton Mifflin Harcourt Company
HWCC,Houston Wire & Cable Company
HOVNP,Hovnanian Enterprises Inc
HBMD,"Howard Bancorp, Inc."
HSNI,"HSN, Inc."
HTGM,"HTG Molecular Diagnostics, Inc."
HUBG,"Hub Group, Inc."
HCBK,"Hudson City Bancorp, Inc."
HSON,"Hudson Global, Inc."
HDSN,"Hudson Technologies, Inc."
HBAN,Huntington Bancshares Incorporated
HBANP,Huntington Bancshares Incorporated
HURC,"Hurco Companies, Inc."
HURN,Huron Consulting Group Inc.
HTCH,Hutchinson Technology Incorporated
HBP,"Huttig Building Products, Inc."
HDRA,Hydra Industries Acquisition Corp.
HDRAR,Hydra Industries Acquisition Corp.
HDRAU,Hydra Industries Acquisition Corp.
HDRAW,Hydra Industries Acquisition Corp.
HYGS,Hydrogenics Corporation
IDSY,"I.D. Systems, Inc."
IACI,IAC/InterActiveCorp
IKGH,Iao Kun Group Holding Company Limited
IBKC,IBERIABANK Corporation
ICAD,icad inc.
IEP,Icahn Enterprises L.P.
ICFI,"ICF International, Inc."
ICLR,ICON plc
ICON,"Iconix Brand Group, Inc."
ICUI,"ICU Medical, Inc."
IPWR,Ideal Power Inc.
INVE,"Identiv, Inc."
IDRA,"Idera Pharmaceuticals, Inc."
IDXX,"IDEXX Laboratories, Inc."
DSKY,iDreamSky Technology Limited
IROQ,"IF Bancorp, Inc."
IRG,"Ignite Restaurant Group, Inc."
RXDX,"Ignyta, Inc."
IIVI,II-VI Incorporated
KANG,"iKang Healthcare Group, Inc."
IKAN,"Ikanos Communications, Inc."
IKNX,Ikonics Corporation
ILMN,"Illumina, Inc."
ISNS,"Image Sensing Systems, Inc."
IMMR,Immersion Corporation
ICCC,ImmuCell Corporation
IMDZ,Immune Design Corp.
IMNP          ,Immune Pharmaceuticals Inc.
IMGN,"ImmunoGen, Inc."
IMMU,"Immunomedics, Inc."
IPXL,"Impax Laboratories, Inc."
IMMY,"Imprimis Pharmaceuticals, Inc."
INCR,"INC Research Holdings, Inc."
SAAS,"inContact, Inc."
INCY,Incyte Corporation
INDB,Independent Bank Corp.
IBCP,Independent Bank Corporation
IBTX,"Independent Bank Group, Inc"
IDSA,"Industrial Services of America, Inc."
INFN,Infinera Corporation
INFI,"Infinity Pharmaceuticals, Inc."
IPCC,Infinity Property and Casualty Corporation
III,"Information Services Group, Inc."
IFON,InfoSonics Corp
IMKTA,"Ingles Markets, Incorporated"
INWK,"InnerWorkings, Inc."
INNL,Innocoll AG
INOD,Innodata Inc.
IPHS,"Innophos Holdings, Inc."
IOSP,Innospec Inc.
ISSC,"Innovative Solutions and Support, Inc."
INGN,"Inogen, Inc"
ITEK,Inotek Pharmaceuticals Corporation
INOV,"Inovalon Holdings, Inc."
INO,"Inovio Pharmaceuticals, Inc."
NSIT,"Insight Enterprises, Inc."
ISIG,"Insignia Systems, Inc."
INSM,"Insmed, Inc."
IIIN,"Insteel Industries, Inc."
PODD,Insulet Corporation
INSY,"Insys Therapeutics, Inc."
NTEC,Intec Pharma Ltd.
IART,Integra LifeSciences Holdings Corporation
IDTI,"Integrated Device Technology, Inc."
IESC,"Integrated Electrical Services, Inc."
ISSI,"Integrated Silicon Solution, Inc."
INTC,Intel Corporation
IQNT,"Inteliquent, Inc."
IPCI,Intellipharmaceutics International Inc.
IPAR,"Inter Parfums, Inc."
IBKR,"Interactive Brokers Group, Inc."
ININ,"Interactive Intelligence Group, Inc."
ICPT,"Intercept Pharmaceuticals, Inc."
ICLD,"InterCloud Systems, Inc"
ICLDW,"InterCloud Systems, Inc"
IDCC,"InterDigital, Inc."
TILE,"Interface, Inc."
IMI,"Intermolecular, Inc."
INAP,Internap Corporation
IBOC,International Bancshares Corporation
ISCA,International Speedway Corporation
IGLD,Internet Gold Golden Lines Ltd.
IIJI,"Internet Initiative Japan, Inc."
PTNT,Internet Patents Corporation
INPH,Interphase Corporation
XENT,"Intersect ENT, Inc."
INTX,"Intersections, Inc."
ISIL,Intersil Corporation
IILG,"Interval Leisure Group, Inc."
IVAC,"Intevac, Inc."
INTL,INTL FCStone Inc.
INTLL,INTL FCStone Inc.
ITCI,Intra-Cellular Therapies Inc.
IIN,IntriCon Corporation
INTU,Intuit Inc.
ISRG,"Intuitive Surgical, Inc."
INVT,"Inventergy Global, Inc."
SNAK,"Inventure Foods, Inc."
ISTR,Investar Holding Corporation
ISBC,"Investors Bancorp, Inc."
ITIC,Investors Title Company
NVIV,InVivo Therapeutics Holdings Corp.
IVTY,"Invuity, Inc."
IPAS,iPass Inc.
DTUL,Ipath US Treasury 2 Yr Bull ETN
DFVL,Ipath US Treasury 5 Year Bull E
IPCM,"IPC Healthcare, Inc."
IPGP,IPG Photonics Corporation
IRMD,iRadimed Corporation
IRIX,IRIDEX Corporation
IRDM,Iridium Communications Inc
IRDMB,Iridium Communications Inc
IRBT,iRobot Corporation
IRWD,"Ironwood Pharmaceuticals, Inc."
IRCP,IRSA Propiedades Comerciales S.A.
COMT,iShares Commodities Select Strategy ETF
GNMA,iShares Core GNMA Bond ETF
FCHI,iShares FTSE China (HK Listed) Index Fund
IFAS,iShares FTSE EPRA/NAREIT Asia Index Fund
IFEU,iShares FTSE EPRA/NAREIT Europe Index Fund
IFGL,iShares FTSE EPRA/NAREIT Global Real Estate ex-U.S. Index Fund
IFNA,iShares FTSE EPRA/NAREIT North America Index Fund
ACWX,iShares MSCI ACWI ex US Index Fund
ACWI,iShares MSCI ACWI Index Fund
AAXJ,iShares MSCI All Country Asia ex Japan Index Fund
AXJS,iShares MSCI All Country Asia ex Japan Small Cap Index Fund
AAIT,iShares MSCI All Country Asia Information Technology Index Fun
EEMA,iShares MSCI Emerging Markets Asia Index Fund
EMDI,iShares MSCI Emerging Markets Consumer Discrectionary Sector I
EEME,iShares MSCI Emerging Markets EMEA Index Fund
EMEY,iShares MSCI Emerging Markets Energy Sector Capped Index Fund
EGRW,iShares MSCI Emerging Markets Growth Index Fund
EEML,iShares MSCI Emerging Markets Latin America Index Fund
EVAL,iShares MSCI Emerging Markets Value Index Fund
EUFN,iShares MSCI Europe Financials Sector Index Fund
IEUS,iShares MSCI Europe Small-Cap ETF
QAT,iShares MSCI Qatar Capped ETF
UAE,iShares MSCI UAE Capped ETF
IBB,iShares Nasdaq Biotechnology Index Fund
SOXX,iShares PHLX SOX Semiconductor Sector Index Fund
EMIF,iShares S&P Emerging Markets Infrastructure Index Fund
ICLN,iShares S&P Global Clean Energy Index Fund
WOOD,iShares S&P Global Timber & Forestry Index Fund
INDY,iShares S&P India Nifty 50 Index Fund
ISHG,iShares S&P/Citigroup 1-3 Year International Treasury Bond Fun
IGOV,iShares S&P/Citigroup International Treasury Bond Fund
ISIS,"Isis Pharmaceuticals, Inc."
ISLE,"Isle of Capri Casinos, Inc."
ISRL,"Isramco, Inc."
ITRI,"Itron, Inc."
ITRN,Ituran Location and Control Ltd.
ITUS,ITUS Corporation
XXIA,Ixia
IXYS,IXYS Corporation
JJSF,J & J Snack Foods Corp.
MAYS,"J. W. Mays, Inc."
JBHT,"J.B. Hunt Transport Services, Inc."
JCOM,"j2 Global, Inc."
JASO,"JA Solar Holdings, Co., Ltd."
JKHY,"Jack Henry & Associates, Inc."
JACK,Jack In The Box Inc.
JXSB,Jacksonville Bancorp Inc.
JAXB,"Jacksonville Bancorp, Inc."
JAGX,"Jaguar Animal Health, Inc."
JAKK,"JAKKS Pacific, Inc."
JMBA,"Jamba, Inc."
JRVR,"James River Group Holdings, Ltd."
ERW,Janus Equal Risk Weighted Large Cap ETF
JASN,"Jason Industries, Inc."
JASNW,"Jason Industries, Inc."
JAZZ,Jazz Pharmaceuticals plc
JD,"JD.com, Inc."
JBLU,JetBlue Airways Corporation
JTPY,JetPay Corporation
JCTCF,Jewett-Cameron Trading Company
DATE,Jiayuan.com International Ltd.
JST,Jinpan International Limited
JIVE,"Jive Software, Inc."
WYIGU,JM Global Holding Company
JOEZ,Joe&#39;s Jeans Inc.
JBSS,"John B. Sanfilippo & Son, Inc."
JOUT,Johnson Outdoors Inc.
JNP,"Juniper Pharmaceuticals, Inc."
JUNO,"Juno Therapeutics, Inc."
KTWO,"K2M Group Holdings, Inc."
KALU,Kaiser Aluminum Corporation
KBIO,"KaloBios Pharmaceuticals, Inc."
KMDA,Kamada Ltd.
KNDI,"Kandi Technologies Group, Inc."
KCLI,Kansas City Life Insurance Company
KPTI,Karyopharm Therapeutics Inc.
KBSF,KBS Fashion Group Limited
KCAP,"KCAP Financial, Inc."
KRNY,Kearny Financial
KELYA,"Kelly Services, Inc."
KELYB,"Kelly Services, Inc."
KMPH,"KemPharm, Inc."
KFFB,Kentucky First Federal Bancorp
KERX,"Keryx Biopharmaceuticals, Inc."
GMCR,"Keurig Green Mountain, Inc."
KEQU,Kewaunee Scientific Corporation
KTEC,"Key Technology, Inc."
KTCC,Key Tronic Corporation
KFRC,"Kforce, Inc."
KE,"Kimball Electronics, Inc."
KBAL,"Kimball International, Inc."
KIN,"Kindred Biosciences, Inc."
KGJI,Kingold Jewelry Inc.
KINS,"Kingstone Companies, Inc"
KONE,Kingtone Wirelessinfo Solution Holding Ltd
KIRK,"Kirkland&#39;s, Inc."
KITE,"Kite Pharma, Inc."
KLAC,KLA-Tencor Corporation
KLXI,KLX Inc.
KONA,"Kona Grill, Inc."
KZ,KongZhong Corporation
KOPN,Kopin Corporation
KRNT,Kornit Digital Ltd.
KOSS,Koss Corporation
KWEB,KraneShares CSI China Internet ETF
KTOS,"Kratos Defense & Security Solutions, Inc."
KUTV,"Ku6 Media Co., Ltd."
KLIC,"Kulicke and Soffa Industries, Inc."
KVHI,"KVH Industries, Inc."
KYTH,"Kythera Biopharmaceuticals, Inc."
FSTR,L.B. Foster Company
LJPC,La Jolla Pharmaceutical Company
LSBK,"Lake Shore Bancorp, Inc."
LSBG,Lake Sunapee Bank Group
LBAI,"Lakeland Bancorp, Inc."
LKFN,Lakeland Financial Corporation
LAKE,"Lakeland Industries, Inc."
LRCX,Lam Research Corporation
LAMR,Lamar Advertising Company
LANC,Lancaster Colony Corporation
LNDC,Landec Corporation
LARK,Landmark Bancorp Inc.
LMRK,Landmark Infrastructure Partners LP
LE,"Lands&#39; End, Inc."
LSTR,"Landstar System, Inc."
LNTH,"Lantheus Holdings, Inc."
LTRX,"Lantronix, Inc."
LPSB,"LaPorte Bancorp, Inc."
LSCC,Lattice Semiconductor Corporation
LAWS,"Lawson Products, Inc."
LAYN,Layne Christensen Company
LCNB,LCNB Corporation
LDRH,LDR Holding Corporation
LBIX,Leading Brands Inc
LGCY,Legacy Reserves LP
LGCYO,Legacy Reserves LP
LGCYP,Legacy Reserves LP
LTXB,"LegacyTexas Financial Group, Inc."
LMAT,"LeMaitre Vascular, Inc."
TREE,"LendingTree, Inc."
LXRX,"Lexicon Pharmaceuticals, Inc."
LGIH,"LGI Homes, Inc."
LHCG,LHC Group
LBRDA,Liberty Broadband Corporation
LBRDK,Liberty Broadband Corporation
LBTYA,Liberty Global plc
LBTYB,Liberty Global plc
LBTYK,Liberty Global plc
LILA,Liberty Global plc
LILAK,Liberty Global plc
LVNTA,Liberty Interactive Corporation
LVNTB,Liberty Interactive Corporation
QVCA,Liberty Interactive Corporation
QVCB,Liberty Interactive Corporation
LMCA,Liberty Media Corporation
LMCB,Liberty Media Corporation
LMCK,Liberty Media Corporation
TAX,"Liberty Tax, Inc."
LTRPA,"Liberty TripAdvisor Holdings, Inc."
LTRPB,"Liberty TripAdvisor Holdings, Inc."
LPNT,"LifePoint Health, Inc."
LCUT,"Lifetime Brands, Inc."
LFVN,Lifevantage Corporation
LWAY,"Lifeway Foods, Inc."
LGND,Ligand Pharmaceuticals Incorporated
LTBR,Lightbridge Corporation
LPTH,"LightPath Technologies, Inc."
LLEX,"Lilis Energy, Inc."
LIME,Lime Energy Co.
LLNW,"Limelight Networks, Inc."
LMNR,Limoneira Co
LINC,Lincoln Educational Services Corporation
LECO,"Lincoln Electric Holdings, Inc."
LIND,Lindblad Expeditions Holdings Inc.
LINDW,Lindblad Expeditions Holdings Inc.
LLTC,Linear Technology Corporation
LNCO,"Linn Co, LLC"
LINE,"Linn Energy, LLC"
LBIO,"Lion Biotechnologies, Inc."
LIOX,"Lionbridge Technologies, Inc."
LPCN,Lipocine Inc.
LIQD,"Liquid Holdings Group, Inc."
LQDT,"Liquidity Services, Inc."
LFUS,"Littelfuse, Inc."
LOB,"Live Oak Bancshares, Inc."
LIVE,"LiveDeal, Inc."
LPSN,"LivePerson, Inc."
LKQ,LKQ Corporation
LMIA,"LMI Aerospace, Inc."
LOGI,Logitech International S.A.
LOGM,"LogMein, Inc."
LOJN,LoJack Corporation
EVAR,"Lombard Medical, Inc."
LOOK,"LookSmart, Ltd."
LORL,"Loral Space and Communications, Inc."
LABC,"Louisiana Bancorp, Inc."
LOXO,"Loxo Oncology, Inc."
LPTN,"Lpath, Inc."
LPLA,LPL Financial Holdings Inc.
LRAD,LRAD Corporation
LYTS,LSI Industries Inc.
LULU,lululemon athletica inc.
LMNS,Lumenis Ltd.
LITE,Lumentum Holdings Inc.
LMNX,Luminex Corporation
LMOS,Lumos Networks Corp.
LUNA,Luna Innovations Incorporated
MBTF,M B T Financial Corp
MTSI,"M/A-COM Technology Solutions Holdings, Inc."
MCBC,Macatawa Bank Corporation
MFNC,Mackinac Financial Corporation
MCUR,MACROCURE LTD.
MGNX,"MacroGenics, Inc."
MCBK,"Madison County Financial, Inc."
MAGS,Magal Security Systems Ltd.
MGLN,"Magellan Health, Inc."
MPET,Magellan Petroleum Corporation
MGIC,Magic Software Enterprises Ltd.
CALL,magicJack VocalTec Ltd
MNGA,MagneGas Corporation
MAG,"Magnetek, Inc."
MGYR,"Magyar Bancorp, Inc."
MHLD,"Maiden Holdings, Ltd."
MHLDO,"Maiden Holdings, Ltd."
MSFG,"MainSource Financial Group, Inc."
COOL,Majesco Entertainment Company
MMYT,MakeMyTrip Limited
MBUU,"Malibu Boats, Inc."
MLVF,"Malvern Bancorp, Inc."
MAMS,"MAM Software Group, Inc."
MANH,"Manhattan Associates, Inc."
LOAN,"Manhattan Bridge Capital, Inc"
MNTX,"Manitex International, Inc."
MTEX,"Mannatech, Incorporated"
MNKD,MannKind Corporation
MANT,ManTech International Corporation
MARA,"Marathon Patent Group, Inc."
MCHX,"Marchex, Inc."
MARPS,Marine Petroleum Trust
MRNS,"Marinus Pharmaceuticals, Inc."
MKTX,"MarketAxess Holdings, Inc."
MKTO,"Marketo, Inc."
MRKT,Markit Ltd.
MRLN,Marlin Business Services Corp.
MAR,Marriott International
MBII,"Marrone Bio Innovations, Inc."
MRTN,"Marten Transport, Ltd."
MMLP,Martin Midstream Partners L.P.
MRVL,Marvell Technology Group Ltd.
MASI,Masimo Corporation
MTLS,Materialise NV
MTRX,Matrix Service Company
MAT,"Mattel, Inc."
MATR,Mattersight Corporation
MATW,Matthews International Corporation
MFRM,Mattress Firm Holding Corp.
MTSN,"Mattson Technology, Inc."
MXIM,"Maxim Integrated Products, Inc."
MXWL,"Maxwell Technologies, Inc."
MZOR,Mazor Robotics Ltd.
MBFI,MB Financial Inc.
MBFIP,MB Financial Inc.
MCFT,"MCBC Holdings, Inc."
MGRC,McGrath RentCorp
MDCA,MDC Partners Inc.
MCOX,Mecox Lane Limited
TAXI,Medallion Financial Corp.
MDAS,"MedAssets, Inc."
MTBC,"Medical Transcription Billing, Corp."
MNOV,"MediciNova, Inc."
MDSO,"Medidata Solutions, Inc."
MDGS,Medigus Ltd.
MDVN,"Medivation, Inc."
MDWD,MediWound Ltd.
MDVX,Medovex Corp.
MDVXW,Medovex Corp.
MEET,"MeetMe, Inc."
MEIP,"MEI Pharma, Inc."
MELA,"MELA Sciences, Inc"
MPEL,Melco Crown Entertainment Limited
MLNX,"Mellanox Technologies, Ltd."
MELR,"Melrose Bancorp, Inc."
MEMP,Memorial Production Partners LP
MRD,Memorial Resource Development Corp.
MENT,Mentor Graphics Corporation
MTSL,MER Telemanagement Solutions Ltd.
MELI,"MercadoLibre, Inc."
MBWM,Mercantile Bank Corporation
MERC,Mercer International Inc.
MBVT,"Merchants Bancshares, Inc."
MRCY,Mercury Systems Inc
MRGE,Merge Healthcare Incorporated.
EBSB,"Meridian Bancorp, Inc."
VIVO,Meridian Bioscience Inc.
MMSI,"Merit Medical Systems, Inc."
MACK,"Merrimack Pharmaceuticals, Inc."
MSLI,Merus Labs International Inc.
MLAB,"Mesa Laboratories, Inc."
CASH,"Meta Financial Group, Inc."
MBLX,"Metabolix, Inc."
MEOH,Methanex Corporation
MEIL,METHES ENERGIES INTERNATIONAL LTD
MEILW,METHES ENERGIES INTERNATIONAL LTD
MEILZ,METHES ENERGIES INTERNATIONAL LTD
METR,"Metro Bancorp, Inc"
MFRI,"MFRI, Inc."
MGCD,MGC Diagnostics Corporation
MGEE,MGE Energy Inc.
MGPI,"MGP Ingredients, Inc."
MCHP,Microchip Technology Incorporated
MU,"Micron Technology, Inc."
MICT,"Micronet Enertec Technologies, Inc."
MICTW,"Micronet Enertec Technologies, Inc."
MSCC,Microsemi Corporation
MSFT,Microsoft Corporation
MSTR,MicroStrategy Incorporated
MVIS,"Microvision, Inc."
MPB,Mid Penn Bancorp
MCEP,"Mid-Con Energy Partners, LP"
MBRG,Middleburg Financial Corporation
MBCN,Middlefield Banc Corp.
MSEX,Middlesex Water Company
MOFG,"MidWestOne Financial Group, Inc."
MDXG,"MiMedx Group, Inc"
MNDO,MIND C.T.I. Ltd.
MB,"MINDBODY, Inc."
NERV,"Minerva Neurosciences, Inc"
MRTX,"Mirati Therapeutics, Inc."
MSON,"MISONIX, Inc."
MIND,"Mitcham Industries, Inc."
MITK,"Mitek Systems, Inc."
MITL,Mitel Networks Corporation
MKSI,"MKS Instruments, Inc."
MMAC,"MMA Capital Management, LLC"
MINI,"Mobile Mini, Inc."
MOBL,"MobileIron, Inc."
MOCO,"MOCON, Inc."
MDSY,ModSys International Ltd.
MLNK,"ModusLink Global Solutions, Inc"
MOKO,Moko Social Media Ltd.
MOLG,"MOL Global, Inc."
MNTA,"Momenta Pharmaceuticals, Inc."
MOMO,Momo Inc.
MCRI,"Monarch Casino & Resort, Inc."
MNRK,"Monarch Financial Holdings, Inc."
MDLZ,"Mondelez International, Inc."
MGI,"Moneygram International, Inc."
MPWR,"Monolithic Power Systems, Inc."
TYPE,Monotype Imaging Holdings Inc.
MNRO,"Monro Muffler Brake, Inc."
MRCC,Monroe Capital Corporation
MNST,Monster Beverage Corporation
MHGC,Morgans Hotel Group Co.
MORN,"Morningstar, Inc."
MOSY,"MoSys, Inc."
MPAA,"Motorcar Parts of America, Inc."
MDM,Mountain Province Diamonds Inc.
MRVC,"MRV Communications, Inc."
MSBF,MSB Financial Corp.
MTSC,MTS Systems Corporation
LABL,Multi-Color Corporation
MFLX,"Multi-Fineline Electronix, Inc."
MFSF,MutualFirst Financial Inc.
MYL,Mylan N.V.
MYOS,MYOS Corporation
MYRG,"MYR Group, Inc."
MYGN,"Myriad Genetics, Inc."
NANO,Nanometrics Incorporated
NSPH,"Nanosphere, Inc."
NSTG,"NanoString Technologies, Inc."
NK,"NantKwest, Inc."
NSSC,"NAPCO Security Technologies, Inc."
NTRA,"Natera, Inc."
NATH,"Nathan&#39;s Famous, Inc."
NAUH,"National American University Holdings, Inc."
NKSH,"National Bankshares, Inc."
FIZZ,National Beverage Corp.
NCMI,"National CineMedia, Inc."
NCOM,National Commerce Corporation
NGHC,National General Holdings Corp
NGHCO,National General Holdings Corp
NGHCP,National General Holdings Corp
NGHCZ,National General Holdings Corp
NHLD,National Holdings Corporation
NATI,National Instruments Corporation
NATL,National Interstate Corporation
NPBC,"National Penn Bancshares, Inc."
NRCIA,National Research Corporation
NRCIB,National Research Corporation
NSEC,"National Security Group, Inc."
NWLI,National Western Life Insurance Company
NAII,"Natural Alternatives International, Inc."
NHTC,Natural Health Trends Corp.
NATR,"Nature&#39;s Sunshine Products, Inc."
BABY,Natus Medical Incorporated
NVSL,Naugatuck Valley Financial Corporation
NAVI,Navient Corporation
NBTB,NBT Bancorp Inc.
NCIT,"NCI, Inc."
NKTR,Nektar Therapeutics
NEOG,Neogen Corporation
NEO,"NeoGenomics, Inc."
NEON,Neonode Inc.
NEOS,"Neos Therapeutics, Inc."
NEOT,"Neothetics, Inc."
NVCN,Neovasc Inc.
NRX,"NephroGenex, Inc."
NEPT,Neptune Technologies & Bioresources Inc
UEPS,"Net 1 UEPS Technologies, Inc."
NETE,"Net Element, Inc."
NTAP,"NetApp, Inc."
NTES,"NetEase, Inc."
NFLX,"Netflix, Inc."
NTGR,"NETGEAR, Inc."
NLST,"Netlist, Inc."
NTCT,"NetScout Systems, Inc."
NTWK,NetSol Technologies Inc.
CUR,"Neuralstem, Inc."
NBIX,"Neurocrine Biosciences, Inc."
NDRM,NeuroDerm Ltd.
NURO,"NeuroMetrix, Inc."
NUROW,"NeuroMetrix, Inc."
NYMT,"New York Mortgage Trust, Inc."
NYMTO,"New York Mortgage Trust, Inc."
NYMTP,"New York Mortgage Trust, Inc."
NBBC,NewBridge Bancorp
NLNK,NewLink Genetics Corporation
NEWP,Newport Corporation
NWS,News Corporation
NWSA,News Corporation
NEWS,"NewStar Financial, Inc."
NEWT,Newtek Business Services Corp.
NXST,"Nexstar Broadcasting Group, Inc."
NVET,Nexvet Biopharma plc
NFEC,NF Energy Saving Corporation
EGOV,NIC Inc.
NICE,NICE-Systems Limited
NICK,"Nicholas Financial, Inc."
NIHD,"NII Holdings, Inc."
NVLS,"Nivalis Therapeutics, Inc."
NMIH,NMI Holdings Inc
NNBR,"NN, Inc."
NDLS,Noodles & Company
NDSN,Nordson Corporation
NSYS,Nortech Systems Incorporated
NTK,Nortek Inc.
NBN,Northeast Bancorp
NECB,"Northeast Community Bancorp, Inc."
NTIC,Northern Technologies International Corporation
NTRS,Northern Trust Corporation
NTRSP,Northern Trust Corporation
NFBK,"Northfield Bancorp, Inc."
NRIM,Northrim BanCorp Inc
NWBI,"Northwest Bancshares, Inc."
NWBO,"Northwest Biotherapeutics, Inc."
NWBOW,"Northwest Biotherapeutics, Inc."
NWPX,Northwest Pipe Company
NCLH,Norwegian Cruise Line Holdings Ltd.
NWFL,Norwood Financial Corp.
NVFY,"Nova Lifestyle, Inc"
NVMI,Nova Measuring Instruments Ltd.
NVDQ,Novadaq Technologies Inc
MIFI,"Novatel Wireless, Inc."
NVAX,"Novavax, Inc."
NVGN,Novogen Limited
NTLS,NTELOS Holdings Corp.
NUAN,"Nuance Communications, Inc."
NMRX,Numerex Corp.
NUTR,Nutraceutical International Corporation
NTRI,NutriSystem Inc
NUVA,"NuVasive, Inc."
QQQX,Nuveen NASDAQ 100 Dynamic Overwrite Fund
NVEE,"NV5 Holdings, Inc."
NVEC,NVE Corporation
NVDA,NVIDIA Corporation
NXPI,NXP Semiconductors N.V.
NXTM,"NxStage Medical, Inc."
NXTD,NXT-ID Inc.
NXTDW,NXT-ID Inc.
NYMX,Nymox Pharmaceutical Corporation
OIIM,O2Micro International Limited
OVLY,Oak Valley Bancorp (CA)
OCAT,"Ocata Therapeutics, Inc."
OBCI,"Ocean Bio-Chem, Inc."
OPTT,"Ocean Power Technologies, Inc."
ORIG,Ocean Rig UDW Inc.
OSHC,Ocean Shore Holding Co.
OCFC,OceanFirst Financial Corp.
OCRX,"Ocera Therapeutics, Inc."
OCLR,"Oclaro, Inc."
OFED,Oconee Federal Financial Corp.
OCUL,"Ocular Therapeutix, Inc."
OCLS,"Oculus Innovative Sciences, Inc."
OCLSW,"Oculus Innovative Sciences, Inc."
OMEX,"Odyssey Marine Exploration, Inc."
ODP,"Office Depot, Inc."
OFS,OFS Capital Corporation
OHAI,OHA Investment Corporation
OVBC,Ohio Valley Banc Corp.
OHRP,"Ohr Pharmaceuticals, Inc."
ODFL,"Old Dominion Freight Line, Inc."
OLBK,"Old Line Bancshares, Inc."
ONB,Old National Bancorp
OPOF,Old Point Financial Corporation
OSBC,"Old Second Bancorp, Inc."
OSBCP,"Old Second Bancorp, Inc."
OLLI,"Ollie&#39;s Bargain Outlet Holdings, Inc."
ZEUS,"Olympic Steel, Inc."
OFLX,"Omega Flex, Inc."
OMER,Omeros Corporation
OMCL,"Omnicell, Inc."
OVTI,"OmniVision Technologies, Inc."
ON,ON Semiconductor Corporation
OTIV,On Track Innovations Ltd
OGXI,OncoGenex Pharmaceuticals Inc.
ONCY,"Oncolytics Biotech, Inc."
OMED,"OncoMed Pharmaceuticals, Inc."
ONTX,"Onconova Therapeutics, Inc."
ONCS,OncoSec Medical Incorporated
ONTY,Oncothyreon Inc.
OHGI,"One Horizon Group, Inc."
ONFC,Oneida Financial Corp.
ONVI,"Onvia, Inc."
OTEX,Open Text Corporation
OPXA,"Opexa Therapeutics, Inc."
OPXAW,"Opexa Therapeutics, Inc."
OPGN,"OpGen, Inc."
OPGNW,"OpGen, Inc."
OPHT,Ophthotech Corporation
OBAS,Optibase Ltd.
OCC,Optical Cable Corporation
OPHC,"OptimumBank Holdings, Inc."
OPB,Opus Bank
ORMP,Oramed Pharmaceuticals Inc.
OSUR,"OraSure Technologies, Inc."
ORBC,ORBCOMM Inc.
ORBK,Orbotech Ltd.
ORLY,"O&#39;Reilly Automotive, Inc."
OREX,"Orexigen Therapeutics, Inc."
SEED,Origin Agritech Limited
OESX,"Orion Energy Systems, Inc."
ORIT,Oritani Financial Corp.
ORRF,Orrstown Financial Services Inc
OFIX,Orthofix International N.V.
OSIS,"OSI Systems, Inc."
OSIR,"Osiris Therapeutics, Inc."
OSN,"Ossen Innovation Co., Ltd."
OTEL,Otelco Inc.
OTIC,"Otonomy, Inc."
OTTR,Otter Tail Corporation
OUTR,Outerwall Inc.
OVAS,Ovascience Inc.
OSTK,"Overstock.com, Inc."
OXBR,Oxbridge Re Holdings Limited
OXBRW,Oxbridge Re Holdings Limited
OXFD,Oxford Immunotec Global PLC
OXLC,Oxford Lane Capital Corp.
OXLCN,Oxford Lane Capital Corp.
OXLCO,Oxford Lane Capital Corp.
OXGN,"OXiGENE, Inc."
PFIN,"P & F Industries, Inc."
PTSI,"P.A.M. Transportation Services, Inc."
PCAR,PACCAR Inc.
PACB,"Pacific Biosciences of California, Inc."
PCBK,Pacific Continental Corporation (Ore)
PDVW,"Pacific DataVision, Inc."
PEIX,"Pacific Ethanol, Inc."
PMBC,Pacific Mercantile Bancorp
PPBI,Pacific Premier Bancorp Inc
PSUN,"Pacific Sunwear of California, Inc."
PCRX,"Pacira Pharmaceuticals, Inc."
PACW,PacWest Bancorp
PTIE,Pain Therapeutics
PLMT,"Palmetto Bancshares, Inc. (SC)"
PAAS,Pan American Silver Corp.
PNRA,Panera Bread Company
PANL,Pangaea Logistics Solutions Ltd.
PZZA,"Papa John&#39;S International, Inc."
FRSH,"Papa Murphy&#39;s Holdings, Inc."
PRGN,Paragon Shipping Inc.
PRGNL,Paragon Shipping Inc.
PRTK,"Paratek Pharmaceuticals, Inc. "
PRXL,PAREXEL International Corporation
PCYG,"Park City Group, Inc."
PSTB,Park Sterling Corporation
PKBK,"Parke Bancorp, Inc."
PRKR,"ParkerVision, Inc."
PKOH,Park-Ohio Holdings Corp.
PARN,Parnell Pharmaceuticals Holdings Ltd
PTNR,Partner Communications Company Ltd.
PBHC,"Pathfinder Bancorp, Inc."
PATK,"Patrick Industries, Inc."
PNBK,Patriot National Bancorp Inc.
PATI,"Patriot Transportation Holding, Inc."
PEGI,Pattern Energy Group Inc.
PDCO,"Patterson Companies, Inc."
PTEN,"Patterson-UTI Energy, Inc."
PAYX,"Paychex, Inc."
PCTY,Paylocity Holding Corporation
PYDS,"Payment Data Systems, Inc."
PYPL,"PayPal Holdings, Inc."
PCCC,"PC Connection, Inc."
PCMI,"PCM, Inc."
PCTI,"PC-Tel, Inc."
PDCE,"PDC Energy, Inc."
PDFS,"PDF Solutions, Inc."
PDII,"PDI, Inc."
PDLI,"PDL BioPharma, Inc."
SKIS,"Peak Resorts, Inc."
PGC,Peapack-Gladstone Financial Corporation
PEGA,Pegasystems Inc.
PCO,Pendrell Corporation
PENN,"Penn National Gaming, Inc."
PFLT,PennantPark Floating Rate Capital Ltd.
PNNT,PennantPark Investment Corporation
PWOD,"Penns Woods Bancorp, Inc."
PTXP,"PennTex Midstream Partners, LP"
PEBO,Peoples Bancorp Inc.
PEBK,"Peoples Bancorp of North Carolina, Inc."
PFBX,Peoples Financial Corporation
PFIS,Peoples Financial Services Corp. 
PBCT,"People&#39;s United Financial, Inc."
PUB,People&#39;s Utah Bancorp
PRCP,"Perceptron, Inc."
PPHM,Peregrine Pharmaceuticals Inc.
PPHMP,Peregrine Pharmaceuticals Inc.
PRFT,"Perficient, Inc."
PFMT,Performant Financial Corporation
PERF,"Perfumania Holdings, Inc"
PSEM,Pericom Semiconductor Corporation
PERI,Perion Network Ltd
PESI,"Perma-Fix Environmental Services, Inc."
PTX,"Pernix Therapeutics Holdings, Inc."
PERY,Perry Ellis International Inc.
PRSN,Perseon Corporation
PRSNW,Perseon Corporation
PGLC,Pershing Gold Corporation
PETS,"PetMed Express, Inc."
PFSW,"PFSweb, Inc."
PGTI,"PGT, Inc."
PHII,"PHI, Inc."
PHIIK,"PHI, Inc."
PAHC,Phibro Animal Health Corporation
PHMD,"PhotoMedex, Inc."
PLAB,"Photronics, Inc."
PICO,PICO Holdings Inc.
PIRS,"Pieris Pharmaceuticals, Inc."
PPC,Pilgrim&#39;s Pride Corporation
PME,Pingtan Marine Enterprise Ltd.
PNFP,"Pinnacle Financial Partners, Inc."
PPSI,"Pioneer Power Solutions, Inc."
PXLW,"Pixelworks, Inc."
PLNR,"Planar Systems, Inc."
PLPM,"Planet Payment, Inc."
PLXS,Plexus Corp.
PLUG,"Plug Power, Inc."
PLBC,Plumas Bancorp
PSTI,"Pluristem Therapeutics, Inc."
PMCS,"PMC - Sierra, Inc."
PMFG,"PMFG, Inc."
PBSK,"Poage Bankshares, Inc."
PNTR,Pointer Telocation Ltd.
PCOM,"Points International, Ltd."
PBCP,"Polonia Bancorp, Inc."
PLCM,"Polycom, Inc."
POOL,Pool Corporation
POPE,Pope Resources
PLKI,"Popeyes Louisiana Kitchen, Inc."
BPOP,"Popular, Inc."
BPOPM,"Popular, Inc."
BPOPN,"Popular, Inc."
PBIB,"Porter Bancorp, Inc."
PTLA,"Portola Pharmaceuticals, Inc."
PSTR,PostRock Energy Corporation
PBPB,Potbelly Corporation
PCH,Potlatch Corporation
POWL,"Powell Industries, Inc."
POWI,"Power Integrations, Inc."
PSIX,"Power Solutions International, Inc."
PDBC,PowerShares DB Optimum Yield Diversified Commodity Strategy Po
PRFZ,PowerShares FTSE RAFI US 1500 Small-Mid Portfolio
PAGG,PowerShares Global Agriculture Portfolio
PSAU,PowerShares Global Gold & Precious Metals Portfolio
IPKW,PowerShares International BuyBack Achievers Portfolio
LDRI,PowerShares LadderRite 0-5 Year Corporate Bond Portfolio
LALT,PowerShares Multi-Strategy Alternative Portfolio
PNQI,PowerShares Nasdaq Internet Portfolio
QQQ,"PowerShares QQQ Trust, Series 1"
PSCD,PowerShares S&P SmallCap Consumer Discretionary Portfolio
PSCC,PowerShares S&P SmallCap Consumer Staples Portfolio
PSCE,PowerShares S&P SmallCap Energy Portfolio
PSCF,PowerShares S&P SmallCap Financials Portfolio
PSCH,PowerShares S&P SmallCap Health Care Portfolio
PSCI,PowerShares S&P SmallCap Industrials Portfolio
PSCT,PowerShares S&P SmallCap Information Technology Portfolio
PSCM,PowerShares S&P SmallCap Materials Portfolio
PSCU,PowerShares S&P SmallCap Utilities Portfolio
POZN,"Pozen, Inc."
PRAA,"PRA Group, Inc."
PRAH,"PRA Health Sciences, Inc."
PRAN,Prana Biotechnology Ltd
PFBC,Preferred Bank
PLPC,Preformed Line Products Company
PRXI,"Premier Exhibitions, Inc."
PFBI,"Premier Financial Bancorp, Inc."
PINC,"Premier, Inc."
LENS,Presbia PLC
PRGX,"PRGX Global, Inc."
PSMT,"PriceSmart, Inc."
PBMD,Prima BioMed Ltd
PNRG,PrimeEnergy Corporation
PRMW,Primo Water Corporation
PRIM,Primoris Services Corporation
PVTB,"PrivateBancorp, Inc."
PVTBP,"PrivateBancorp, Inc."
PDEX,"Pro-Dex, Inc."
IPDN,"Professional Diversity Network, Inc."
PFIE,"Profire Energy, Inc."
PGNX,Progenics Pharmaceuticals Inc.
PRGS,Progress Software Corporation
DNAI,"ProNAi Therapeutics, Inc."
PFPT,"Proofpoint, Inc."
PRPH,"ProPhase Labs, Inc."
PRQR,ProQR Therapeutics N.V.
BIB,ProShares Ultra Nasdaq Biotechnology
UBIO,Proshares UltraPro NASDAQ Biotechnology
TQQQ,ProShares UltraPro QQQ
ZBIO,ProShares UltraPro Short NASDAQ Biotechnology
SQQQ,ProShares UltraPro Short QQQ
BIS,ProShares UltraShort Nasdaq Biotechnology
PSEC,Prospect Capital Corporation
PRTO,"Proteon Therapeutics, Inc."
PRTA,Prothena Corporation plc
PWX,Providence and Worcester Railroad Company
PVBC,"Provident Bancorp, Inc."
PROV,"Provident Financial Holdings, Inc."
PBIP,"Prudential Bancorp, Inc."
PSBH,"PSB Holdings, Inc."
PSDV,pSivida Corp.
PMD,Psychemedics Corporation
PTC,PTC Inc.
PTCT,"PTC Therapeutics, Inc."
PULB,Pulaski Financial Corp.
PULM,"Pulmatrix, Inc."
PCYO,Pure Cycle Corporation
QADA,QAD Inc.
QADB,QAD Inc.
QCCO,"QC Holdings, Inc."
QCRH,"QCR Holdings, Inc."
QGEN,Qiagen N.V.
QIWI,QIWI plc
QKLS,"QKL Stores, Inc."
QLIK,Qlik Technologies Inc.
QLGC,QLogic Corporation
QLTI,QLT Inc.
QRVO,"Qorvo, Inc."
QCOM,QUALCOMM Incorporated
QSII,"Quality Systems, Inc."
QBAK,Qualstar Corporation
QLYS,"Qualys, Inc."
QTWW,"Quantum Fuel Systems Technologies Worldwide, Inc."
QRHC,Quest Resource Holding Corporation.
QUIK,QuickLogic Corporation
QDEL,Quidel Corporation
QPAC,Quinpario Acquisition Corp. 2
QPACU,Quinpario Acquisition Corp. 2
QPACW,Quinpario Acquisition Corp. 2
QNST,"QuinStreet, Inc."
QUMU,Qumu Corporation
QUNR,Qunar Cayman Islands Limited
QTNT,Quotient Limited
QTNTW,Quotient Limited
RRD,R.R. Donnelley & Sons Company
RADA,Rada Electronics Industries Limited
RDCM,Radcom Ltd.
ROIA,"Radio One, Inc."
ROIAK,"Radio One, Inc."
RSYS,RadiSys Corporation
RDUS,"Radius Health, Inc."
RDNT,"RadNet, Inc."
RDWR,Radware Ltd.
RMBS,"Rambus, Inc."
RAND,Rand Capital Corporation
RLOG,"Rand Logistics, Inc."
GOLD,Randgold Resources Limited
RPD,"Rapid7, Inc."
RPTP,Raptor Pharmaceutical Corp.
RAVE,"Rave Restaurant Group, Inc."
RAVN,"Raven Industries, Inc."
ROLL,RBC Bearings Incorporated
RICK,"RCI Hospitality Holdings, Inc."
RCMT,"RCM Technologies, Inc."
RLOC,"ReachLocal, Inc."
RDI,Reading International Inc
RDIB,Reading International Inc
RGSE,"Real Goods Solar, Inc."
RELY,"Real Industry, Inc. "
RNWK,"RealNetworks, Inc."
RP,"RealPage, Inc."
RCPT,"Receptos, Inc."
DAX,Recon Capital DAX Germany ETF
UK,Recon Capital FTSE 100 ETF
QYLD,Recon Capital NASDAQ-100 Covered Call ETF
RCON,"Recon Technology, Ltd."
REPH,"Recro Pharma, Inc."
RRGB,"Red Robin Gourmet Burgers, Inc."
RDHL,Redhill Biopharma Ltd.
REDF,Rediff.com India Limited
REGN,"Regeneron Pharmaceuticals, Inc."
RGLS,Regulus Therapeutics Inc.
REIS,"Reis, Inc"
RELV,"Reliv&#39; International, Inc."
RLYP,"Relypsa, Inc."
MARK,"Remark Media, Inc."
REMY,"Remy International, Inc."
RNST,Renasant Corporation
REGI,"Renewable Energy Group, Inc."
RCII,Rent-A-Center Inc.
RTK,"Rentech, Inc."
RENT,Rentrak Corporation
RGEN,Repligen Corporation
RPRX,Repros Therapeutics Inc.
RPRXW,Repros Therapeutics Inc.
RPRXZ,Repros Therapeutics Inc.
RJET,"Republic Airways Holdings, Inc."
RBCAA,"Republic Bancorp, Inc."
FRBK,"Republic First Bancorp, Inc."
REFR,Research Frontiers Incorporated
RESN,Resonant Inc.
REXI,"Resource America, Inc."
RECN,"Resources Connection, Inc."
ROIC,Retail Opportunity Investments Corp.
SALE,"RetailMeNot, Inc."
RTRX,"Retrophin, Inc."
RVNC,"Revance Therapeutics, Inc."
RVLT,"Revolution Lighting Technologies, Inc."
RWLK,ReWalk Robotics Ltd
REXX,Rex Energy Corporation
RFIL,"RF Industries, Ltd."
RGCO,RGC Resources Inc.
RIBT,RiceBran Technologies
RIBTW,RiceBran Technologies
RELL,"Richardson Electronics, Ltd."
RIGL,"Rigel Pharmaceuticals, Inc."
NAME,"Rightside Group, Ltd."
RNET,"RigNet, Inc."
RITT,RIT Technologies Ltd.
RITTW,RIT Technologies Ltd.
RTTR,"Ritter Pharmaceuticals, Inc."
RIVR,River Valley Bancorp.
RVSB,Riverview Bancorp Inc
RLJE,"RLJ Entertainment, Inc."
RMGN,RMG Networks Holding Corporation
ROBO,Robo-Stox Global Robotics and Automation Index ETF
RCPI,"Rock Creek Pharmaceuticals, Inc."
FUEL,Rocket Fuel Inc.
RMTI,"Rockwell Medical, Inc."
RCKY,"Rocky Brands, Inc."
RMCF,"Rocky Mountain Chocolate Factory, Inc."
RSTI,"Rofin-Sinar Technologies, Inc."
ROIQ,ROI Acquisition Corp. II
ROIQU,ROI Acquisition Corp. II
ROIQW,ROI Acquisition Corp. II
ROKA,"Roka Bioscience, Inc."
ROSG,Rosetta Genomics Ltd.
ROST,"Ross Stores, Inc."
ROVI,Rovi Corporation
RBPAA,"Royal Bancshares of Pennsylvania, Inc."
RGLD,"Royal Gold, Inc."
ROYL,"Royale Energy, Inc."
RPXC,RPX Corporation
RRM,RR Media Ltd.
RTIX,"RTI Surgical, Inc."
RBCN,"Rubicon Technology, Inc."
RUSHA,"Rush Enterprises, Inc."
RUSHB,"Rush Enterprises, Inc."
RUTH,"Ruth&#39;s Hospitality Group, Inc."
RXII,RXI Pharmaceuticals Corporation
RYAAY,Ryanair Holdings plc
STBA,"S&T Bancorp, Inc."
SANW,S&W Seed Company
SBRA,"Sabra Healthcare REIT, Inc."
SBRAP,"Sabra Healthcare REIT, Inc."
SABR,Sabre Corporation
SAEX,"SAExploration Holdings, Inc."
SAFT,"Safety Insurance Group, Inc."
SAGE,"Sage Therapeutics, Inc."
SGNT,"Sagent Pharmaceuticals, Inc."
SAIA,"Saia, Inc."
SAJA,"Sajan, Inc."
SALM,"Salem Media Group, Inc."
SAL,"Salisbury Bancorp, Inc."
SAFM,"Sanderson Farms, Inc."
SNDK,SanDisk Corporation
SASR,"Sandy Spring Bancorp, Inc."
SGMO,"Sangamo BioSciences, Inc."
SANM,Sanmina Corporation
GCVRZ,Sanofi
SPNS,Sapiens International Corporation N.V.
SRPT,"Sarepta Therapeutics, Inc."
SBFG,"SB Financial Group, Inc."
SBFGP,"SB Financial Group, Inc."
SBAC,SBA Communications Corporation
SCSC,"ScanSource, Inc."
SMIT,"Schmitt Industries, Inc."
SCHN,"Schnitzer Steel Industries, Inc."
SCHL,Scholastic Corporation
SCLN,"SciClone Pharmaceuticals, Inc."
SGMS,Scientific Games Corp
SQI,"SciQuest, Inc."
SCYX,"SCYNEXIS, Inc."
SEAC,"SeaChange International, Inc."
SBCF,Seacoast Banking Corporation of Florida
STX,Seagate Technology.
SHIP,Seanergy Maritime Holdings Corp
SRSC,Sears Canada Inc. 
SHLD,Sears Holdings Corporation
SHLDW,Sears Holdings Corporation
SHOS,"Sears Hometown and Outlet Stores, Inc."
SPNE,SeaSpine Holdings Corporation
SGEN,"Seattle Genetics, Inc."
EYES,"Second Sight Medical Products, Inc."
SNFCA,Security National Financial Corporation
SEIC,SEI Investments Company
SLCT,"Select Bancorp, Inc."
SCSS,Select Comfort Corporation
SLTC,"Selectica, Inc."
SIGI,"Selective Insurance Group, Inc."
LEDS,SemiLEDS Corporation
SMLR,"Semler Scientific, Inc."
SMTC,Semtech Corporation
SENEA,Seneca Foods Corp.
SENEB,Seneca Foods Corp.
SNMX,"Senomyx, Inc."
SQNM,"Sequenom, Inc."
SQBG,"Sequential Brands Group, Inc."
MCRB,"Seres Therapeutics, Inc."
SREV,"ServiceSource International, Inc."
SFBS,"ServisFirst Bancshares, Inc."
SEV,"Sevcon, Inc."
SVBI,Severn Bancorp Inc
SFXE,"SFX Entertainment, Inc."
SGOC,"SGOCO Group, Ltd"
GAME,Shanda Games Limited
SMED,Sharps Compliance Corp
SHEN,Shenandoah Telecommunications Co
SHLO,"Shiloh Industries, Inc."
SHPG,Shire plc
SCVL,"Shoe Carnival, Inc."
SHBI,Shore Bancshares Inc
SHOR,"ShoreTel, Inc."
SFLY,"Shutterfly, Inc."
SIFI,"SI Financial Group, Inc."
SIEB,Siebert Financial Corp.
SIEN,"Sientra, Inc."
BSRR,Sierra Bancorp
SWIR,"Sierra Wireless, Inc."
SIFY,Sify Technologies Limited
SIGM,"Sigma Designs, Inc."
SIAL,Sigma-Aldrich Corporation
SGMA,"SigmaTron International, Inc."
SGNL,"Signal Genetics, Inc."
SBNY,Signature Bank
SBNYW,Signature Bank
SLGN,Silgan Holdings Inc.
SILC,Silicom Ltd
SGI,Silicon Graphics International Corp
SLAB,"Silicon Laboratories, Inc."
SIMO,Silicon Motion Technology Corporation
SPIL,"Siliconware Precision Industries Company, Ltd."
SSRI,Silver Standard Resources Inc.
SAMG,Silvercrest Asset Management Group Inc.
SFNC,Simmons First National Corporation
SLP,"Simulations Plus, Inc."
SINA,Sina Corporation
SBGI,"Sinclair Broadcast Group, Inc."
SMAC,Sino Mercury Acquisition Corp.
SMACR,Sino Mercury Acquisition Corp.
SMACU,Sino Mercury Acquisition Corp.
SINO,"Sino-Global Shipping America, Ltd."
SVA,"Sinovac Biotech, Ltd."
SIRI,Sirius XM Holdings Inc.
SIRO,"Sirona Dental Systems, Inc."
SITO,"SITO Mobile, Ltd."
SZMK,Sizmek Inc.
SKUL,"Skullcandy, Inc."
SKYS,"Sky Solar Holdings, Ltd."
MOBI,Sky-mobi Limited
SPU,"SkyPeople Fruit Juice, Inc."
SKBI,Skystar Bio-Pharmaceutical Company
SKYW,"SkyWest, Inc."
SWKS,"Skyworks Solutions, Inc."
ISM,SLM Corporation
JSM,SLM Corporation
OSM,SLM Corporation
SLM,SLM Corporation
SLMAP,SLM Corporation
SLMBP,SLM Corporation
SMT,SMART Technologies Inc.
SPRO,SmartPros Ltd.
SWHC,Smith & Wesson Holding Corporation
SMSI,"Smith Micro Software, Inc."
SMTX,SMTC Corporation
SMTP,"SMTP, Inc."
LNCE,"Snyder&#39;s-Lance, Inc."
SODA,SodaStream International Ltd.
SOHU,Sohu.com Inc.
SLRC,Solar Capital Ltd.
SUNS,Solar Senior Capital Ltd.
SLTD,"Solar3D, Inc."
SCTY,SolarCity Corporation
SEDG,"SolarEdge Technologies, Inc."
SZYM,"Solazyme, Inc."
SONC,Sonic Corp.
SOFO,"Sonic Foundry, Inc."
SONS,"Sonus Networks, Inc."
SPHS,"Sophiris Bio, Inc."
SORL,"SORL Auto Parts, Inc."
SRNE,"Sorrento Therapeutics, Inc."
SOHO,Sotherly Hotels Inc.
SOHOL,Sotherly Hotels LP
SOHOM,Sotherly Hotels LP
SFBC,"Sound Financial Bancorp, Inc."
SSB,South State Corporation
SOCB,Southcoast Financial Corporation
SFST,"Southern First Bancshares, Inc."
SMBC,"Southern Missouri Bancorp, Inc."
SONA,"Southern National Bancorp of Virginia, Inc."
SBSI,"Southside Bancshares, Inc."
OKSB,"Southwest Bancorp, Inc."
SP,SP Plus Corporation
SPAN,"Span-America Medical Systems, Inc."
SBSA,"Spanish Broadcasting System, Inc."
SGRP,"SPAR Group, Inc."
SPKE,"Spark Energy, Inc."
ONCE,"Spark Therapeutics, Inc."
SPAR,"Spartan Motors, Inc."
SPTN,SpartanNash Company
SPPI,"Spectrum Pharmaceuticals, Inc."
SPDC,"Speed Commerce, Inc."
ANY,Sphere 3D Corp.
SPEX,Spherix Incorporated
SAVE,"Spirit Airlines, Inc."
SPLK,Splunk Inc.
SPOK,"Spok Holdings, Inc."
SPWH,"Sportsman&#39;s Warehouse Holdings, Inc."
FUND,"Sprott Focus Trust, Inc."
SFM,"Sprouts Farmers Market, Inc."
SPSC,"SPS Commerce, Inc."
SQBK,"Square 1 Financial, Inc."
SSNC,"SS&C Technologies Holdings, Inc."
STAA,STAAR Surgical Company
STMP,Stamps.com Inc.
STLY,"Stanley Furniture Company, Inc."
SPLS,"Staples, Inc."
SBLK,Star Bulk Carriers Corp.
SBLKL,Star Bulk Carriers Corp.
SBUX,Starbucks Corporation
STRZA,Starz
STRZB,Starz
STFC,State Auto Financial Corporation
STBZ,State Bank Financial Corporation.
SIBC,"State Investors Bancorp, Inc."
SNC,"State National Companies, Inc."
STDY,SteadyMed Ltd.
GASS,"StealthGas, Inc."
STLD,"Steel Dynamics, Inc."
SXCL,Steel Excel Inc.
SMRT,"Stein Mart, Inc."
STNR,Steiner Leisure Limited
STEM,"StemCells, Inc."
STML,"Stemline Therapeutics, Inc."
STXS,"Stereotaxis, Inc."
SRCL,"Stericycle, Inc."
STRL,Sterling Construction Company Inc
SHOO,"Steven Madden, Ltd."
SSFN,Stewardship Financial Corp
STCK,"Stock Building Supply Holdings, Inc."
SYBT,"Stock Yards Bancorp, Inc."
BANX,StoneCastle Financial Corp
SGBK,Stonegate Bank
SSYS,"Stratasys, Ltd."
STRT,Strattec Security Corporation
STRS,"Stratus Properties, Inc."
STRA,"Strayer Education, Inc."
STRM,"Streamline Health Solutions, Inc."
STB,Student Transportation Inc
SCMP,"Sucampo Pharmaceuticals, Inc."
SUBK,Suffolk Bancorp
SUMR,"Summer Infant, Inc."
SMMF,"Summit Financial Group, Inc."
SSBI,Summit State Bank
SMMT,Summit Therapeutics plc
SNBC,"Sun Bancorp, Inc."
SNHY,Sun Hydraulics Corporation
SEMI,SunEdison Semiconductor Limited
SNSS,"Sunesis Pharmaceuticals, Inc."
GOMO,Sungy Mobile Limited
STKL,"SunOpta, Inc."
SPWR,SunPower Corporation
RUN,Sunrun Inc.
SBCP,"Sunshine Bancorp, Inc."
SSH,Sunshine Heart Inc
SMCI,"Super Micro Computer, Inc."
SPCB,"SuperCom, Ltd."
SCON,Superconductor Technologies Inc.
SGC,"Superior Uniform Group, Inc."
SUPN,"Supernus Pharmaceuticals, Inc."
SPRT,"support.com, Inc."
SCAI,"Surgical Care Affiliates, Inc."
SRDX,"SurModics, Inc."
SBBX,Sussex Bancorp
TOR,Sutor Technology Group Limited
SIVB,SVB Financial Group
SIVBO,SVB Financial Group
SWSH,"Swisher Hygiene, Inc."
SYKE,"Sykes Enterprises, Incorporated"
SYMC,Symantec Corporation
SSRG,Symmetry Surgical Inc.
SYNC,"Synacor, Inc."
SYNL,Synalloy Corporation
SYNA,Synaptics Incorporated
SNCR,"Synchronoss Technologies, Inc."
SURG,"Synergetics USA, Inc."
SGYP,"Synergy Pharmaceuticals, Inc."
SGYPU,"Synergy Pharmaceuticals, Inc."
SGYPW,"Synergy Pharmaceuticals, Inc."
ELOS,Syneron Medical Ltd.
SNPS,"Synopsys, Inc."
SNTA,Synta Pharmaceuticals Corp.
SYNT,"Syntel, Inc."
SYMX,"Synthesis Energy Systems, Inc."
SYUT,"Synutra International, Inc."
SYPR,"Sypris Solutions, Inc."
SYRX,Sysorex Global Holding Corp.
TROW,"T. Rowe Price Group, Inc."
TTOO,"T2 Biosystems, Inc."
TAIT,Taitron Components Incorporated
TTWO,"Take-Two Interactive Software, Inc."
TLMR,"Talmer Bancorp, Inc."
TNDM,"Tandem Diabetes Care, Inc."
TLF,"Tandy Leather Factory, Inc."
TNGO,"Tangoe, Inc."
TANH,Tantech Holdings Ltd.
TEDU,"Tarena International, Inc."
TRGT,"Targacept, Inc."
TASR,"TASER International, Inc."
TATT,TAT Technologies Ltd.
TAYD,"Taylor Devices, Inc."
TCPC,TCP Capital Corp.
TEAR,TearLab Corporation
TECD,Tech Data Corporation
TCCO,Technical Communications Corporation
TTGT,"TechTarget, Inc."
TGLS,Tecnoglass Inc.
TGEN,Tecogen Inc.
TECU,Tecumseh Products Company
TSYS,"TeleCommunication Systems, Inc."
TNAV,"TeleNav, Inc."
TTEC,"TeleTech Holdings, Inc."
TENX,"Tenax Therapeutics, Inc."
GLBL,"TerraForm Global, Inc."
TERP,"TerraForm Power, Inc."
TRTL,Terrapin 3 Acquisition Corporation
TRTLU,Terrapin 3 Acquisition Corporation
TRTLW,Terrapin 3 Acquisition Corporation
TBNK,Territorial Bancorp Inc.
TSRO,"TESARO, Inc."
TESO,Tesco Corporation
TSLA,"Tesla Motors, Inc."
TESS,TESSCO Technologies Incorporated
TSRA,"Tessera Technologies, Inc."
TTEK,"Tetra Tech, Inc."
TLOG,TetraLogic Pharmaceuticals Corporation
TTPH,"Tetraphase Pharmaceuticals, Inc."
TCBI,"Texas Capital Bancshares, Inc."
TCBIL,"Texas Capital Bancshares, Inc."
TCBIP,"Texas Capital Bancshares, Inc."
TCBIW,"Texas Capital Bancshares, Inc."
TXN,Texas Instruments Incorporated
TXRH,"Texas Roadhouse, Inc."
TFSL,TFS Financial Corporation
TGTX,"TG Therapeutics, Inc."
ABCO,The Advisory Board Company
ANDE,"The Andersons, Inc."
TBBK,"The Bancorp, Inc."
BONT,"The Bon-Ton Stores, Inc."
CG,The Carlyle Group L.P.
CAKE,The Cheesecake Factory Incorporated
CHEF,"The Chefs&#39; Warehouse, Inc."
TCFC,The Community Financial Corporation
DSGX,The Descartes Systems Group Inc.
DXYN,"The Dixie Group, Inc."
ENSG,"The Ensign Group, Inc."
XONE,The ExOne Company
FINL,"The Finish Line, Inc."
FBMS,"The First Bancshares, Inc."
FLIC,The First of Long Island Corporation
TFM,"The Fresh Market, Inc."
GT,The Goodyear Tire & Rubber Company
HABT,"The Habit Restaurants, Inc."
HCKT,"The Hackett Group, Inc."
HAIN,"The Hain Celestial Group, Inc."
CUBA,"The Herzfeld Caribbean Basin Fund, Inc."
INTG,The Intergroup Corporation
JYNT,The Joint Corp.
KEYW,The KEYW Holding Corporation
KHC,The Kraft Heinz Company
MSG,The Madison Square Garden Company
MDCO,The Medicines Company
MIK,"The Michaels Companies, Inc."
MIDD,The Middleby Corporation
NDAQ,"The NASDAQ OMX Group, Inc."
NAVG,"The Navigators Group, Inc."
STKS,"The ONE Group Hospitality, Inc."
PCLN,The Priceline Group Inc. 
PRSC,The Providence Service Corporation
SPNC,The Spectranetics Corporation
ULTI,"The Ultimate Software Group, Inc."
YORW,The York Water Company
NCTY,The9 Limited
TBPH,"Theravance Biopharma, Inc."
THRX,"Theravance, Inc."
TST,"TheStreet, Inc."
TCRD,"THL Credit, Inc."
THOR,Thoratec Corporation
THLD,"Threshold Pharmaceuticals, Inc."
THTI,"THT Heat Transfer Technology, Inc."
TICC,TICC Capital Corp.
TIGR,TigerLogic Corporation
TTS,"Tile Shop Hldgs, Inc."
TIL,Till Capital Ltd.
TSBK,"Timberland Bancorp, Inc."
TIPT,Tiptree Financial Inc.
TITN,Titan Machinery Inc.
TIVO,TiVo Inc.
TBRA,"Tobira Therapeutics, Inc."
TKAI,"Tokai Pharmaceuticals, Inc."
TNXP,Tonix Pharmaceuticals Holding Corp.
TISA,"Top Image Systems, Ltd."
TOPS,TOP Ships Inc.
TORM          ,TOR Minerals International Inc
TRCH,"Torchlight Energy Resources, Inc."
TRNX,Tornier N.V.
TSEM,Tower Semiconductor Ltd.
TW,Towers Watson & Co.
TWER,Towerstream Corporation
CLUB,"Town Sports International Holdings, Inc."
TOWN,Towne Bank
TCON,"TRACON Pharmaceuticals, Inc."
TSCO,Tractor Supply Company
TSRE,"Trade Street Residential, Inc."
TWMC,Trans World Entertainment Corp.
TACT,TransAct Technologies Incorporated
TRNS,"Transcat, Inc."
TBIO,"Transgenomic, Inc."
TGA,Transglobe Energy Corp
TTHI,"Transition Therapeutics, Inc."
TZOO,Travelzoo Inc.
TRVN,"Trevena, Inc."
TCBK,TriCo Bancshares
TRIL,Trillium Therapeutics Inc.
TRS,TriMas Corporation
TRMB,Trimble Navigation Limited
TRIB,Trinity Biotech plc
TRIP,"TripAdvisor, Inc."
TSC,"TriState Capital Holdings, Inc."
TBK,"Triumph Bancorp, Inc."
TRIV,"TriVascular Technologies, Inc."
TROV,"TrovaGene, Inc."
TROVU,"TrovaGene, Inc."
TROVW,"TrovaGene, Inc."
TRUE,"TrueCar, Inc."
THST,"Truett-Hurst, Inc."
TRST,TrustCo Bank Corp NY
TRMK,Trustmark Corporation
TSRI,"TSR, Inc."
TTMI,"TTM Technologies, Inc."
TUBE,"TubeMogul, Inc."
TCX,Tucows Inc.
TUES,Tuesday Morning Corp.
TOUR,Tuniu Corporation
HEAR,Turtle Beach Corporation
TUTI,Tuttle Tactical Management Multi-Strategy Income ETF
TUTT,Tuttle Tactical Management U.S. Core ETF
FOX,"Twenty-First Century Fox, Inc."
FOXA,"Twenty-First Century Fox, Inc."
TWIN,"Twin Disc, Incorporated"
TRCB,Two River Bancorp
USCR,"U S Concrete, Inc."
PRTS,"U.S. Auto Parts Network, Inc."
USEG,U.S. Energy Corp.
GROW,"U.S. Global Investors, Inc."
UBIC,"UBIC, Inc."
UBNT,"Ubiquiti Networks, Inc."
UFPT,"UFP Technologies, Inc."
ULTA,"Ulta Salon, Cosmetics & Fragrance, Inc."
UCTT,"Ultra Clean Holdings, Inc."
RARE,Ultragenyx Pharmaceutical Inc.
ULBI,Ultralife Corporation
ULTR,Ultrapetrol (Bahamas) Limited
UTEK,"Ultratech, Inc."
UMBF,UMB Financial Corporation
UMPQ,Umpqua Holdings Corporation
UNAM,Unico American Corporation
UNIS,Unilife Corporation
UBSH,Union Bankshares Corporation
UNB,"Union Bankshares, Inc."
UNXL,"Uni-Pixel, Inc."
QURE,uniQure N.V.
UBCP,"United Bancorp, Inc."
UBOH,"United Bancshares, Inc."
UBSI,"United Bankshares, Inc."
UCBA,United Community Bancorp
UCBI,"United Community Banks, Inc."
UCFC,United Community Financial Corp.
UDF,United Development Funding IV
UBNK,"United Financial Bancorp, Inc."
UFCS,"United Fire Group, Inc"
UIHC,United Insurance Holdings Corp.
UNFI,"United Natural Foods, Inc."
UNTD,"United Online, Inc."
UBFO,United Security Bancshares
USBI,"United Security Bancshares, Inc."
USLM,"United States Lime & Minerals, Inc."
UTHR,United Therapeutics Corporation
UG,"United-Guardian, Inc."
UNTY,"Unity Bancorp, Inc."
OLED,Universal Display Corporation
UEIC,Universal Electronics Inc.
UFPI,"Universal Forest Products, Inc."
USAP,"Universal Stainless & Alloy Products, Inc."
UACL,"Universal Truckload Services, Inc."
UVSP,Univest Corporation of Pennsylvania
UPIP,"Unwired Planet, Inc."
UPLD,"Upland Software, Inc."
URRE,"Uranium Resources, Inc."
URBN,"Urban Outfitters, Inc."
ECOL,"US Ecology, Inc."
DTYS,US Trsy 10-Year Bear ETN Ipath
DTYL,US Trsy 10-Year Bull ETN Ipath
DTUS,US Trsy 2-Year Bear ETN Ipath
DFVS,US Trsy 5-Year Bear ETN Ipath
FLAT,US Trsy Flattener ETN Ipath
DLBS,US Trsy Long Bond Bear ETN Ipath
DLBL,US Trsy Long Bond Bull ETN Ipath
STPP,US Trsy Steepener ETN Ipath
USAT,"USA Technologies, Inc."
USATP,"USA Technologies, Inc."
USAK,"USA Truck, Inc."
USMD,"USMD Holdings, Inc."
UTMD,"Utah Medical Products, Inc."
UTIW,UTi Worldwide Inc.
UTSI,UTStarcom Holdings Corp
VALX,Validea Market Legends ETF
VALU,"Value Line, Inc."
VNDA,Vanda Pharmaceuticals Inc.
VWOB,Vanguard Emerging Markets Government Bond ETF
VNQI,Vanguard Global ex-U.S. Real Estate ETF
VGIT,Vanguard Intermediate -Term Government Bond ETF
VCIT,Vanguard Intermediate-Term Corporate Bond ETF
VCLT,Vanguard Long-Term Corporate Bond ETF
VGLT,Vanguard Long-Term Government Bond ETF
VMBS,Vanguard Mortgage-Backed Securities ETF
VNR,Vanguard Natural Resources LLC
VNRAP,Vanguard Natural Resources LLC
VNRBP,Vanguard Natural Resources LLC
VNRCP,Vanguard Natural Resources LLC
VONE,Vanguard Russell 1000 ETF
VONG,Vanguard Russell 1000 Growth ETF
VONV,Vanguard Russell 1000 Value ETF
VTWO,Vanguard Russell 2000 ETF
VTWG,Vanguard Russell 2000 Growth ETF
VTWV,Vanguard Russell 2000 Value ETF
VTHR,Vanguard Russell 3000 ETF
VCSH,Vanguard Short-Term Corporate Bond ETF
VGSH,Vanguard Short-Term Government ETF
VTIP,Vanguard Short-Term Inflation-Protected Securities Index Fund
BNDX,Vanguard Total International Bond ETF
VXUS,Vanguard Total International Stock ETF
VPCO,Vapor Corp.
VPCOU,Vapor Corp.
VRNS,"Varonis Systems, Inc."
VDSI,"VASCO Data Security International, Inc."
VBLT,Vascular Biogenics Ltd.
VASC,"Vascular Solutions, Inc."
VBIV,VBI Vaccines Inc.
WOOF,VCA Inc. 
VECO,Veeco Instruments Inc.
APPY,"Venaxis, Inc."
VRA,"Vera Bradley, Inc."
VCYT,"Veracyte, Inc."
VSTM,"Verastem, Inc."
VCEL,Vericel Corporation
VRNT,Verint Systems Inc.
VRSN,"VeriSign, Inc."
VRSK,"Verisk Analytics, Inc."
VBTX,"Veritex Holdings, Inc."
VRML,"Vermillion, Inc."
VSAR,"Versartis, Inc."
VTNR,"Vertex Energy, Inc"
VRTX,Vertex Pharmaceuticals Incorporated
VRTA,"Vestin Realty Mortgage I, Inc."
VRTB,"Vestin Realty Mortgage II, Inc."
VIA,Viacom Inc.
VIAB,Viacom Inc.
VSAT,"ViaSat, Inc."
VIAV,Viavi Solutions Inc.
VICL,Vical Incorporated
VICR,Vicor Corporation
VBND,Vident Core U.S. Bond Strategy Fund
VUSE,Vident Core US Equity ETF
VIDI,Vident International Equity Fund
VDTH,Videocon d2h Limited
VGGL,Viggle Inc.
VKTX,"Viking Therapeutics, Inc."
VBFC,Village Bank and Trust Financial Corp.
VLGEA,"Village Super Market, Inc."
VIMC,Vimicro International Corporation
VIP,VimpelCom Ltd.
VNOM,Viper Energy Partners LP
VIRC,Virco Manufacturing Corporation
VA,Virgin America Inc.
VIRT,"Virtu Financial, Inc."
VSCP,"VirtualScopics, Inc."
VRTS,"Virtus Investment Partners, Inc."
VRTU,Virtusa Corporation
VISN,"VisionChina Media, Inc."
VTAE,"Vitae Pharmaceuticals, Inc."
VTL,"Vital Therapies, Inc."
VVUS,"VIVUS, Inc."
VIIZ,VIX Med-Term ETN Velocityshares
VIIX,VIX Short-Term ETN Velocityshares
VOD,Vodafone Group Plc
VLTC,Voltari Corporation
VOXX,VOXX International Corporation
VRNG,"Vringo, Inc."
VSEC,VSE Corporation
VTVT,vTv Therapeutics Inc.
VUZI,Vuzix Corporation
VWR,VWR Corporation
WGBS,"WaferGen Bio-systems, Inc."
WBA,"Walgreens Boots Alliance, Inc."
WRES,"Warren Resources, Inc."
WAFD,"Washington Federal, Inc."
WAFDW,"Washington Federal, Inc."
WASH,"Washington Trust Bancorp, Inc."
WFBI,WashingtonFirst Bankshares Inc
WSBF,"Waterstone Financial, Inc."
WAVX,Wave Systems Corp.
WAYN,Wayne Savings Bancshares Inc.
WSTG,"Wayside Technology Group, Inc."
WDFC,WD-40 Company
FLAG,WeatherStorm Forensic Accounting Long Short ETF
WWWW,"Web.com Group, Inc."
WBMD,WebMD Health Corp
WB,Weibo Corporation
WEBK,"Wellesley Bancorp, Inc."
WEN,Wendy&#39;s Company (The)
WERN,"Werner Enterprises, Inc."
WSBC,"WesBanco, Inc."
WTBA,West Bancorporation
WSTC,West Corporation
WMAR,"West Marine, Inc."
WABC,Westamerica Bancorporation
WBB,"Westbury Bancorp, Inc."
WSTL,"Westell Technologies, Inc."
WDC,Western Digital Corporation
WFD,"Westfield Financial, Inc."
WLB,Westmoreland Coal Company
WPRT,Westport Innovations Inc
WEYS,"Weyco Group, Inc."
WHLR,"Wheeler Real Estate Investment Trust, Inc."
WHLRP,"Wheeler Real Estate Investment Trust, Inc."
WHLRW,"Wheeler Real Estate Investment Trust, Inc."
WHF,"WhiteHorse Finance, Inc."
WHFBL,"WhiteHorse Finance, Inc."
WFM,"Whole Foods Market, Inc."
WILN,Wi-Lan Inc
WHLM,"Wilhelmina International, Inc."
WVVI,"Willamette Valley Vineyards, Inc."
WLDN,"Willdan Group, Inc."
WLFC,Willis Lease Finance Corporation
WIBC,"Wilshire Bancorp, Inc."
WIN,"Windstream Holdings, Inc."
WING,Wingstop Inc.
WINA,Winmark Corporation
WTFC,Wintrust Financial Corporation
WTFCM,Wintrust Financial Corporation
WTFCW,Wintrust Financial Corporation
AGND,WisdomTree Barclays U.S. Aggregate Bond Negative Duration Fund
AGZD,WisdomTree Barclays U.S. Aggregate Bond Zero Duration Fund
HYND,WisdomTree BofA Merrill Lynch High Yield Bond Negative Duratio
HYZD,WisdomTree BofA Merrill Lynch High Yield Bond Zero Duration Fu
CXSE,WisdomTree China ex-State-Owned Enterprises Fund
EMCG,WisdomTree Emerging Markets Consumer Growth Fund
EMCB,WisdomTree Emerging Markets Corporate Bond Fund
DGRE,WisdomTree Emerging Markets Dividend Growth Fund
DXGE,WisdomTree Germany Hedged Equity Fund
WETF,"WisdomTree Investments, Inc."
DXJS,WisdomTree Japan Hedged SmallCap Equity Fund
JGBB,WisdomTree Japan Interest Rate Strategy Fund
DXKW,WisdomTree Korea Hedged Equity Fund
GULF,WisdomTree Middle East Dividend Fund
CRDT,WisdomTree Strategic Corporate Bond Fund
DGRW,WisdomTree U.S. Dividend Growth Fund
DGRS,WisdomTree U.S. SmallCap Dividend Growth Fund
DXPS,WisdomTree United Kingdom Hedged Equity Fund
UBND,WisdomTree Western Asset Unconstrained Bond Fund
WIX,Wix.com Ltd.
WLRH,WL Ross Holding Corp.
WLRHU,WL Ross Holding Corp.
WLRHW,WL Ross Holding Corp.
WBKC,"Wolverine Bancorp, Inc."
WWD,"Woodward, Inc."
WRLD,World Acceptance Corporation
WOWO,Wowo Limited
WPCS,WPCS International Incorporated
WPPGY,WPP plc
WMGI,"Wright Medical Group, Inc."
WMGIZ,"Wright Medical Group, Inc."
WSFS,WSFS Financial Corporation
WSFSL,WSFS Financial Corporation
WSCI,WSI Industries Inc.
WVFC,WVS Financial Corp.
WYNN,"Wynn Resorts, Limited"
XBIT,XBiotech Inc.
XELB,"Xcel Brands, Inc"
XCRA,Xcerra Corporation
XNCR,"Xencor, Inc."
XBKS,"Xenith Bankshares, Inc."
XENE,Xenon Pharmaceuticals Inc.
XNPT,"XenoPort, Inc."
XGTI,"XG Technology, Inc"
XGTIW,"XG Technology, Inc"
XLNX,"Xilinx, Inc."
XOMA,XOMA Corporation
XOOM,Xoom Corporation
XPLR,Xplore Technologies Corp
XTLB,XTL Biopharmaceuticals Ltd.
XNET,Xunlei Limited
YHOO,Yahoo! Inc.
YNDX,Yandex N.V.
YDLE,"Yodlee, Inc."
YOD,"You On Demand Holdings, Inc."
YCB,"Your Community Bankshares, Inc."
YRCW,"YRC Worldwide, Inc."
YECO,Yulong Eco-Materials Limited
YY,YY Inc.
ZFGN,"Zafgen, Inc."
ZAGG,ZAGG Inc
ZAIS,"ZAIS Group Holdings, Inc."
ZAZA,ZaZa Energy Corporation
ZBRA,Zebra Technologies Corporation
ZLTQ,"ZELTIQ Aesthetics, Inc."
ZHNE,"Zhone Technologies, Inc."
Z,"Zillow Group, Inc."
ZG,"Zillow Group, Inc."
ZN,Zion Oil & Gas Inc
ZNWAA,Zion Oil & Gas Inc
ZION,Zions Bancorporation
ZIONW,Zions Bancorporation
ZIONZ,Zions Bancorporation
ZIOP,ZIOPHARM Oncology Inc
ZIXI,Zix Corporation
ZGNX,"Zogenix, Inc."
ZSAN,Zosano Pharma Corporation
ZSPH,"ZS Pharma, Inc."
ZU,"zulily, inc."
ZUMZ,Zumiez Inc.
ZYNE,"Zynerba Pharmaceuticals, Inc."
ZNGA,Zynga Inc.
